user_id,course_id,rating,implicit_feedback
U0000,176,4.9,1
U0000,761,4.5,1
U0000,583,4.9,1
U0000,435,4.1,1
U0000,98,3.3,0
U0000,449,5.0,1
U0000,323,5.0,1
U0000,137,3.0,0
U0000,634,4.0,0
U0000,56,4.5,1
U0000,705,3.6,0
U0000,915,2.9,0
U0000,0,4.2,1
U0000,969,3.7,0
U0000,603,3.2,0
U0000,598,3.4,0
U0000,7,5.0,1
U0001,117,4.2,1
U0001,847,4.7,1
U0001,612,4.1,0
U0001,329,4.2,1
U0001,64,4.9,1
U0001,310,5.0,1
U0001,323,5.0,1
U0001,717,3.9,0
U0001,626,4.6,1
U0001,868,5.0,0
U0001,469,4.6,1
U0001,121,3.1,0
U0001,701,4.0,1
U0001,745,4.4,1
U0002,243,4.4,1
U0002,237,4.2,0
U0002,680,3.5,0
U0002,695,4.9,1
U0002,142,5.0,1
U0003,621,3.9,0
U0003,622,4.4,1
U0003,532,4.4,1
U0003,91,4.6,1
U0003,820,4.5,1
U0003,319,5.0,1
U0003,187,3.9,0
U0003,41,5.0,1
U0003,583,4.2,0
U0004,362,5.0,1
U0004,917,3.6,0
U0004,948,4.5,0
U0004,277,4.1,1
U0004,297,5.0,1
U0004,473,5.0,1
U0004,437,4.2,0
U0005,23,4.6,1
U0005,627,5.0,1
U0005,171,4.2,0
U0005,915,3.6,0
U0005,929,4.2,1
U0005,890,5.0,1
U0005,357,5.0,1
U0005,15,4.6,1
U0006,409,4.7,1
U0006,245,4.6,1
U0006,597,3.6,0
U0006,82,3.9,0
U0006,5,5.0,0
U0006,614,4.7,1
U0006,186,4.8,1
U0006,71,3.3,0
U0006,385,4.0,1
U0006,51,2.3,0
U0006,865,3.3,0
U0007,698,5.0,1
U0007,643,3.4,0
U0007,269,3.4,0
U0007,932,3.9,0
U0007,720,4.6,1
U0007,540,4.8,1
U0007,598,4.4,1
U0007,409,5.0,1
U0007,238,4.9,1
U0007,344,4.3,1
U0008,937,4.5,1
U0008,884,4.5,1
U0008,190,4.9,1
U0008,68,4.2,1
U0008,98,4.4,1
U0009,560,4.9,1
U0009,713,4.9,1
U0009,125,5.0,0
U0009,244,5.0,1
U0009,565,5.0,1
U0009,847,5.0,1
U0009,546,4.5,1
U0009,233,5.0,1
U0009,662,3.6,0
U0009,720,4.7,1
U0009,367,4.1,1
U0009,520,4.6,1
U0009,483,3.8,0
U0009,379,4.0,0
U0009,289,5.0,1
U0009,97,5.0,1
U0009,52,3.3,0
U0009,934,3.4,0
U0009,827,5.0,1
U0009,344,4.9,0
U0010,678,5.0,1
U0010,371,4.2,0
U0010,718,3.5,0
U0010,891,3.7,0
U0010,934,4.7,1
U0010,56,3.8,0
U0010,381,4.4,1
U0010,103,2.9,0
U0010,324,5.0,1
U0011,248,3.6,0
U0011,48,5.0,1
U0011,835,4.5,1
U0011,783,4.8,1
U0011,975,5.0,0
U0011,972,4.7,1
U0011,526,4.6,1
U0011,738,4.9,1
U0011,916,4.4,1
U0011,820,5.0,1
U0011,223,5.0,1
U0011,416,5.0,1
U0011,115,4.9,1
U0011,926,3.5,0
U0011,574,4.6,1
U0011,206,5.0,1
U0011,641,4.1,1
U0011,588,3.5,0
U0011,329,4.2,0
U0012,319,3.3,0
U0012,309,4.9,0
U0012,91,4.6,1
U0012,471,5.0,0
U0012,671,3.4,0
U0012,499,4.2,1
U0012,151,4.3,1
U0012,365,4.8,1
U0012,2,4.6,1
U0012,849,4.3,1
U0012,85,4.7,1
U0012,584,4.6,1
U0012,963,3.3,0
U0012,524,3.5,0
U0012,901,4.0,1
U0012,227,3.6,0
U0012,741,5.0,1
U0012,518,5.0,1
U0013,495,4.3,1
U0013,237,4.6,1
U0013,112,3.3,0
U0013,594,4.8,1
U0013,281,3.8,0
U0013,565,4.0,1
U0013,150,4.3,1
U0013,468,3.8,0
U0014,159,4.6,1
U0014,160,5.0,1
U0014,793,2.9,0
U0014,647,5.0,1
U0014,511,5.0,0
U0014,349,4.4,1
U0014,856,4.7,1
U0014,382,4.6,1
U0014,795,4.6,1
U0014,427,3.5,0
U0014,366,5.0,1
U0014,450,5.0,1
U0014,293,4.3,1
U0014,728,4.5,1
U0014,489,4.8,1
U0014,227,5.0,1
U0015,898,3.3,0
U0015,775,4.5,1
U0015,23,5.0,1
U0015,640,4.0,1
U0015,756,4.2,0
U0015,373,4.7,1
U0015,69,5.0,1
U0015,78,4.8,1
U0016,149,3.9,0
U0016,29,4.4,1
U0016,284,4.4,1
U0016,748,3.1,0
U0016,252,4.9,1
U0016,199,5.0,0
U0016,192,4.4,1
U0016,482,4.6,1
U0016,950,3.7,0
U0016,424,4.8,1
U0016,528,4.4,0
U0017,172,4.3,1
U0017,636,4.3,1
U0017,229,3.6,0
U0017,97,5.0,1
U0017,234,5.0,1
U0017,705,3.6,0
U0017,837,5.0,1
U0017,811,5.0,1
U0017,385,4.6,1
U0018,963,4.9,1
U0018,468,4.9,1
U0018,183,3.6,0
U0018,482,5.0,1
U0018,510,4.4,1
U0018,728,4.4,1
U0018,687,4.7,1
U0018,401,4.4,1
U0018,219,4.7,0
U0018,634,5.0,1
U0018,420,4.6,1
U0018,134,5.0,1
U0019,146,4.3,1
U0019,811,3.5,0
U0019,817,5.0,1
U0019,927,4.2,1
U0019,140,5.0,1
U0019,594,5.0,0
U0019,439,4.1,1
U0019,315,5.0,1
U0020,562,2.6,0
U0020,895,5.0,1
U0020,34,5.0,1
U0020,686,3.7,0
U0020,296,3.1,0
U0020,903,5.0,1
U0020,949,4.0,1
U0020,922,4.3,0
U0020,471,5.0,0
U0020,846,4.6,1
U0020,829,4.4,1
U0020,317,4.7,1
U0020,814,3.6,0
U0020,37,4.2,1
U0021,922,4.5,1
U0021,464,4.1,1
U0021,603,4.3,1
U0021,168,3.2,0
U0021,968,3.7,0
U0021,233,3.6,0
U0021,920,3.9,0
U0021,639,5.0,1
U0021,598,4.0,1
U0021,510,3.7,0
U0021,232,5.0,1
U0021,177,5.0,1
U0021,222,4.7,1
U0021,187,5.0,1
U0021,764,4.4,1
U0021,347,4.2,0
U0021,58,4.3,1
U0021,947,4.6,0
U0021,865,5.0,1
U0022,587,4.1,1
U0022,954,5.0,1
U0022,602,5.0,1
U0022,234,4.0,1
U0022,604,4.5,1
U0022,508,4.0,1
U0022,748,4.4,1
U0022,95,4.8,1
U0022,730,4.4,1
U0022,509,5.0,0
U0022,936,4.7,1
U0022,313,5.0,1
U0022,603,3.1,0
U0022,904,4.1,1
U0022,91,5.0,1
U0022,909,5.0,1
U0022,657,3.7,0
U0023,782,4.8,1
U0023,479,4.3,1
U0023,119,4.3,1
U0023,126,3.4,0
U0023,674,4.2,1
U0023,429,3.7,0
U0023,201,3.9,0
U0023,489,5.0,1
U0024,806,4.4,1
U0024,346,5.0,1
U0024,310,4.0,1
U0024,954,4.3,1
U0024,192,4.7,1
U0025,702,5.0,1
U0025,71,4.2,1
U0025,52,4.8,1
U0025,222,5.0,1
U0025,144,4.4,1
U0025,842,5.0,1
U0025,198,5.0,1
U0025,950,3.9,0
U0025,307,4.4,1
U0025,163,4.5,1
U0025,758,4.8,1
U0025,628,4.8,0
U0025,464,3.6,0
U0025,526,3.3,0
U0025,690,4.8,1
U0025,206,5.0,0
U0026,74,5.0,1
U0026,163,5.0,0
U0026,507,3.5,0
U0026,326,3.5,0
U0026,810,4.4,1
U0026,420,4.8,1
U0026,239,4.2,1
U0026,603,4.7,1
U0026,690,4.9,1
U0026,161,5.0,1
U0026,37,4.3,1
U0026,719,4.6,0
U0026,646,4.4,1
U0026,465,4.3,1
U0027,109,4.9,1
U0027,775,5.0,1
U0027,894,5.0,1
U0027,583,4.6,1
U0027,916,4.2,1
U0027,806,5.0,1
U0027,648,3.5,0
U0027,560,2.5,0
U0027,336,5.0,1
U0027,153,5.0,1
U0027,587,4.7,0
U0027,306,3.7,0
U0027,845,3.7,0
U0027,969,4.4,1
U0027,733,4.9,1
U0027,87,4.9,1
U0028,783,4.0,1
U0028,524,5.0,1
U0028,302,4.8,0
U0028,593,4.4,1
U0028,698,4.5,1
U0028,266,4.1,1
U0028,403,4.4,1
U0028,119,4.7,1
U0028,176,3.4,0
U0028,663,3.7,0
U0028,512,4.9,1
U0028,691,3.9,0
U0028,104,5.0,1
U0028,551,4.2,1
U0028,250,4.8,1
U0028,939,5.0,1
U0028,470,4.8,1
U0029,312,5.0,0
U0029,219,5.0,0
U0029,342,4.1,1
U0029,66,4.7,1
U0029,502,5.0,1
U0029,65,4.5,1
U0029,780,4.1,1
U0029,226,4.5,1
U0029,523,4.6,1
U0029,857,5.0,1
U0029,632,3.1,0
U0029,517,4.8,1
U0029,322,3.9,0
U0030,919,4.1,1
U0030,854,4.7,1
U0030,156,3.4,0
U0030,767,4.8,0
U0030,561,4.8,1
U0030,553,4.8,1
U0030,379,5.0,1
U0030,490,4.0,1
U0030,385,5.0,1
U0030,526,4.6,0
U0030,614,4.9,1
U0031,217,5.0,1
U0031,609,5.0,0
U0031,639,5.0,1
U0031,153,4.2,1
U0031,62,4.0,0
U0031,766,4.6,1
U0031,457,5.0,0
U0031,58,3.5,0
U0031,971,3.9,0
U0031,684,5.0,1
U0031,961,3.7,0
U0031,240,4.2,0
U0031,143,4.4,1
U0031,123,2.2,0
U0031,302,5.0,1
U0031,102,4.0,1
U0031,681,5.0,1
U0031,63,4.4,0
U0031,507,3.9,0
U0031,973,3.5,0
U0032,782,5.0,1
U0032,103,4.6,1
U0032,35,3.2,0
U0032,496,3.2,0
U0032,377,3.6,0
U0032,450,4.3,1
U0032,967,4.5,1
U0032,946,3.2,0
U0032,919,5.0,1
U0032,763,4.0,1
U0032,345,3.9,0
U0032,402,5.0,1
U0032,534,4.0,0
U0032,809,5.0,0
U0032,67,4.5,1
U0032,414,4.1,1
U0032,81,5.0,1
U0033,819,3.2,0
U0033,714,5.0,1
U0033,525,4.2,1
U0033,573,4.5,1
U0033,492,3.9,0
U0033,286,4.1,1
U0033,548,5.0,1
U0033,670,5.0,1
U0033,851,5.0,1
U0033,618,4.2,1
U0033,741,2.4,0
U0034,172,4.7,1
U0034,28,3.2,0
U0034,161,5.0,1
U0034,175,4.3,1
U0034,374,5.0,1
U0034,389,3.7,0
U0034,852,5.0,1
U0034,494,5.0,1
U0034,704,3.9,0
U0034,100,4.6,1
U0034,218,4.0,1
U0034,684,4.8,1
U0035,761,4.5,1
U0035,54,4.5,1
U0035,831,4.1,1
U0035,218,4.2,1
U0035,364,3.8,0
U0035,446,4.3,1
U0035,465,3.3,0
U0035,421,4.2,1
U0035,912,5.0,1
U0035,687,4.7,0
U0035,613,4.2,1
U0035,48,5.0,1
U0035,880,4.4,1
U0035,885,4.4,1
U0035,759,5.0,1
U0035,6,3.4,0
U0035,55,3.7,0
U0036,841,5.0,1
U0036,449,3.3,0
U0036,729,3.3,0
U0036,283,4.6,1
U0036,766,3.7,0
U0036,109,5.0,1
U0037,417,4.7,1
U0037,366,4.2,0
U0037,81,3.0,0
U0037,407,4.9,0
U0037,176,4.2,0
U0037,167,4.6,1
U0037,82,3.4,0
U0037,328,4.2,0
U0038,162,5.0,1
U0038,861,4.0,1
U0038,417,5.0,1
U0038,158,4.1,1
U0038,12,5.0,1
U0038,544,5.0,1
U0039,89,4.7,1
U0039,216,4.2,1
U0039,127,5.0,1
U0039,319,5.0,1
U0039,416,4.7,1
U0039,719,4.6,1
U0039,620,5.0,1
U0039,591,4.0,1
U0039,324,5.0,0
U0039,811,5.0,0
U0039,436,4.5,1
U0039,953,4.5,1
U0039,604,4.8,1
U0039,113,5.0,1
U0040,959,3.2,0
U0040,610,4.8,1
U0040,553,4.5,1
U0040,617,5.0,1
U0040,529,4.4,1
U0040,624,4.3,1
U0040,448,4.8,1
U0040,219,3.8,0
U0041,199,3.4,0
U0041,453,3.7,0
U0041,708,4.7,1
U0041,492,4.7,1
U0041,28,5.0,1
U0041,839,4.7,0
U0041,55,4.3,1
U0041,927,4.6,1
U0042,360,5.0,1
U0042,470,4.5,1
U0042,46,5.0,1
U0042,141,4.5,0
U0042,277,3.7,0
U0042,950,3.5,0
U0043,802,3.9,0
U0043,284,3.8,0
U0043,804,5.0,1
U0043,527,4.0,1
U0043,862,4.8,1
U0043,568,4.6,1
U0043,30,3.2,0
U0043,665,3.9,0
U0043,45,5.0,1
U0043,448,5.0,1
U0043,908,3.9,0
U0043,166,3.9,0
U0043,388,5.0,1
U0044,664,4.4,1
U0044,499,3.9,0
U0044,415,4.7,1
U0044,73,4.2,1
U0044,368,3.6,0
U0045,658,4.2,1
U0045,345,4.6,1
U0045,150,4.8,1
U0045,398,3.1,0
U0045,128,4.7,1
U0045,860,2.7,0
U0045,317,3.1,0
U0045,140,3.1,0
U0045,21,3.9,0
U0045,616,4.8,1
U0045,607,4.9,1
U0045,312,3.6,0
U0045,62,4.5,0
U0045,378,4.8,1
U0045,283,5.0,0
U0045,647,5.0,1
U0046,606,4.1,0
U0046,553,5.0,1
U0046,604,4.2,0
U0046,196,4.0,1
U0046,385,4.8,1
U0046,39,4.8,1
U0047,573,3.6,0
U0047,365,5.0,1
U0047,279,5.0,1
U0047,198,4.5,0
U0047,741,5.0,1
U0047,376,4.7,1
U0047,498,5.0,1
U0047,479,5.0,0
U0047,561,5.0,1
U0047,845,4.8,0
U0048,971,5.0,1
U0048,91,3.8,0
U0048,2,4.3,1
U0048,44,4.6,1
U0048,339,5.0,0
U0048,621,4.4,1
U0048,70,3.7,0
U0048,5,3.9,0
U0048,915,4.9,1
U0048,807,4.6,1
U0048,794,5.0,1
U0048,866,4.7,1
U0049,867,4.9,1
U0049,490,3.1,0
U0049,438,2.9,0
U0049,570,4.8,1
U0049,607,5.0,0
U0049,71,4.3,1
U0049,664,4.3,0
U0049,236,5.0,1
U0049,696,3.6,0
U0049,801,4.8,1
U0049,784,3.8,0
U0049,537,3.5,0
U0049,508,4.1,1
U0049,139,4.3,1
U0049,755,5.0,1
U0049,265,3.9,0
U0049,483,4.7,1
U0049,277,4.4,1
U0049,130,5.0,1
U0050,122,3.7,0
U0050,621,4.9,1
U0050,709,4.3,0
U0050,287,2.9,0
U0050,615,4.4,0
U0050,364,4.5,1
U0050,683,4.1,1
U0050,180,4.7,1
U0050,860,5.0,1
U0050,261,4.2,1
U0050,338,5.0,1
U0050,50,4.0,1
U0050,99,5.0,1
U0051,56,5.0,1
U0051,206,4.4,1
U0051,222,5.0,1
U0051,449,4.2,0
U0051,718,4.7,1
U0051,439,5.0,1
U0051,50,4.3,1
U0051,930,4.6,1
U0051,915,4.0,1
U0051,753,4.5,1
U0051,966,3.9,0
U0051,513,2.6,0
U0052,48,5.0,1
U0052,822,4.9,1
U0052,957,5.0,1
U0052,773,5.0,1
U0052,832,4.2,1
U0052,234,5.0,1
U0052,936,5.0,1
U0052,190,5.0,1
U0052,927,2.8,0
U0052,970,4.2,0
U0052,693,3.1,0
U0052,552,5.0,1
U0052,251,3.9,0
U0052,422,4.7,1
U0052,577,4.3,1
U0052,70,5.0,1
U0052,603,4.0,0
U0053,732,4.6,1
U0053,221,5.0,1
U0053,931,4.0,1
U0053,143,3.1,0
U0053,661,5.0,0
U0053,217,4.5,1
U0053,417,5.0,1
U0053,700,4.1,1
U0053,546,3.4,0
U0053,413,3.6,0
U0053,314,4.4,0
U0053,818,4.4,1
U0053,139,5.0,1
U0053,416,4.4,1
U0053,880,3.2,0
U0054,222,4.0,1
U0054,747,5.0,1
U0054,538,3.9,0
U0054,151,5.0,1
U0054,378,3.7,0
U0054,413,4.7,1
U0054,739,5.0,1
U0054,21,4.0,1
U0054,269,3.9,0
U0054,515,3.6,0
U0054,619,5.0,1
U0055,11,3.9,0
U0055,685,4.7,1
U0055,946,4.8,1
U0055,426,4.8,1
U0055,229,5.0,1
U0055,686,5.0,1
U0055,795,3.0,0
U0056,183,5.0,1
U0056,400,4.9,1
U0056,912,4.6,1
U0056,419,4.5,1
U0056,858,3.7,0
U0056,591,5.0,0
U0056,237,4.2,1
U0056,344,5.0,1
U0056,84,4.7,0
U0056,322,4.0,1
U0056,660,3.9,0
U0056,72,4.3,1
U0056,197,4.8,0
U0056,370,5.0,1
U0056,959,5.0,1
U0057,167,5.0,1
U0057,113,5.0,1
U0057,434,5.0,1
U0057,594,4.6,1
U0057,206,5.0,1
U0057,914,4.9,1
U0057,6,5.0,1
U0057,751,3.9,0
U0057,607,3.9,0
U0057,361,3.9,0
U0057,48,5.0,1
U0057,610,4.5,1
U0057,372,5.0,1
U0057,911,5.0,0
U0057,525,5.0,1
U0057,915,5.0,1
U0057,213,4.6,1
U0058,655,5.0,1
U0058,772,4.4,1
U0058,452,3.1,0
U0058,619,4.5,1
U0058,249,4.6,1
U0058,693,4.0,1
U0058,425,4.5,1
U0058,441,4.9,1
U0058,638,4.8,1
U0059,433,5.0,1
U0059,540,3.6,0
U0059,244,3.2,0
U0059,724,3.1,0
U0059,77,4.8,1
U0059,853,4.6,1
U0059,809,4.2,1
U0059,207,3.7,0
U0059,790,5.0,1
U0059,767,5.0,1
U0059,618,4.3,1
U0059,361,4.2,1
U0059,260,4.3,1
U0059,222,5.0,1
U0059,307,4.5,1
U0059,882,4.5,1
U0060,144,5.0,1
U0060,681,3.5,0
U0060,207,5.0,1
U0060,390,5.0,1
U0060,876,5.0,1
U0060,205,4.1,1
U0060,504,4.2,0
U0060,418,4.9,1
U0060,18,4.4,1
U0060,778,5.0,1
U0060,70,4.4,1
U0061,431,3.3,0
U0061,67,5.0,0
U0061,710,4.9,1
U0061,591,4.2,1
U0061,688,5.0,1
U0061,362,5.0,1
U0061,357,4.1,0
U0061,43,4.4,1
U0061,337,5.0,1
U0061,904,5.0,1
U0061,366,4.0,1
U0061,810,5.0,1
U0061,821,4.3,1
U0061,360,4.3,1
U0061,614,5.0,1
U0061,91,5.0,1
U0061,99,5.0,0
U0062,421,4.0,1
U0062,30,3.8,0
U0062,253,4.5,1
U0062,33,5.0,1
U0062,858,5.0,1
U0063,862,4.0,1
U0063,820,5.0,1
U0063,374,5.0,1
U0063,11,4.7,0
U0063,69,4.8,1
U0063,285,3.9,0
U0063,13,4.3,1
U0063,14,5.0,1
U0064,664,5.0,1
U0064,667,3.8,0
U0064,371,4.6,1
U0064,919,5.0,0
U0064,168,4.8,1
U0064,497,3.6,0
U0064,680,4.8,1
U0064,686,4.6,1
U0064,638,4.8,1
U0064,276,5.0,0
U0064,157,4.2,1
U0064,625,4.4,1
U0064,590,5.0,0
U0064,180,5.0,1
U0064,693,4.4,1
U0064,453,3.6,0
U0064,656,4.2,0
U0065,405,2.9,0
U0065,497,5.0,1
U0065,958,4.0,1
U0065,149,5.0,0
U0065,102,4.8,1
U0065,7,4.8,1
U0065,140,4.1,1
U0065,187,5.0,1
U0066,123,4.6,1
U0066,549,5.0,1
U0066,747,4.9,1
U0066,917,4.6,1
U0066,16,3.9,0
U0066,510,4.9,1
U0066,461,5.0,1
U0066,639,4.8,1
U0066,546,5.0,1
U0066,670,4.3,0
U0066,641,4.3,0
U0066,114,5.0,0
U0066,780,3.1,0
U0066,120,3.2,0
U0066,682,4.8,1
U0066,405,4.0,1
U0066,502,4.3,0
U0066,881,4.3,0
U0066,868,4.9,1
U0067,690,5.0,1
U0067,463,4.4,1
U0067,657,4.6,0
U0067,742,4.3,1
U0067,44,5.0,1
U0067,629,4.8,1
U0067,221,3.9,0
U0067,653,4.4,0
U0067,456,3.6,0
U0067,753,4.6,1
U0067,121,4.7,1
U0067,609,4.7,1
U0067,272,4.9,1
U0067,833,5.0,1
U0067,906,5.0,1
U0067,972,4.5,0
U0067,775,4.3,1
U0068,59,5.0,1
U0068,89,4.2,1
U0068,157,4.2,1
U0068,578,5.0,0
U0068,145,5.0,1
U0068,944,4.0,1
U0068,432,4.4,1
U0068,485,4.4,1
U0068,239,5.0,1
U0068,455,5.0,1
U0069,641,4.7,1
U0069,908,3.2,0
U0069,802,4.9,1
U0069,553,4.4,1
U0069,640,3.8,0
U0069,876,5.0,1
U0069,388,3.3,0
U0069,316,5.0,1
U0069,11,4.9,1
U0069,808,3.8,0
U0069,782,4.6,0
U0070,299,5.0,0
U0070,189,5.0,1
U0070,74,4.3,1
U0070,432,4.6,1
U0070,447,4.3,1
U0071,946,5.0,1
U0071,546,4.8,1
U0071,696,3.9,0
U0071,67,4.7,0
U0071,407,4.5,1
U0071,114,4.4,0
U0072,151,4.9,1
U0072,808,5.0,1
U0072,42,4.0,1
U0072,408,3.3,0
U0072,162,5.0,0
U0072,859,4.6,1
U0072,543,5.0,1
U0072,222,4.4,1
U0072,491,4.5,1
U0072,714,5.0,1
U0072,936,4.5,1
U0072,212,5.0,1
U0073,648,2.9,0
U0073,677,4.6,1
U0073,122,4.5,0
U0073,916,3.4,0
U0073,182,4.6,1
U0073,612,4.7,1
U0073,224,4.2,1
U0073,306,5.0,0
U0073,542,3.6,0
U0073,416,4.1,1
U0073,161,4.7,0
U0073,171,4.3,1
U0073,417,4.6,1
U0073,742,4.1,1
U0073,878,3.1,0
U0073,85,4.5,1
U0074,891,5.0,1
U0074,543,4.9,1
U0074,721,4.0,1
U0074,344,4.7,1
U0074,406,4.3,1
U0074,127,4.5,1
U0074,172,4.5,0
U0074,812,5.0,1
U0074,577,3.6,0
U0074,335,3.3,0
U0074,788,5.0,0
U0074,247,5.0,1
U0074,953,4.1,1
U0074,342,4.4,1
U0074,309,5.0,1
U0075,59,4.6,0
U0075,128,4.3,1
U0075,589,5.0,1
U0075,829,4.8,0
U0075,44,3.3,0
U0075,715,4.9,1
U0075,332,4.5,1
U0075,466,5.0,1
U0075,906,4.4,0
U0075,323,4.3,1
U0075,453,4.5,1
U0075,13,4.5,0
U0075,80,2.8,0
U0075,252,4.3,0
U0075,27,5.0,1
U0075,614,5.0,1
U0075,416,5.0,1
U0075,533,3.6,0
U0075,169,3.1,0
U0076,551,3.9,0
U0076,782,4.1,1
U0076,298,4.8,1
U0076,277,5.0,1
U0076,371,4.3,1
U0076,642,4.2,1
U0076,652,3.5,0
U0076,287,3.6,0
U0077,540,3.7,0
U0077,235,5.0,1
U0077,626,5.0,1
U0077,805,5.0,0
U0077,42,4.0,1
U0077,495,5.0,1
U0077,678,3.6,0
U0077,253,4.0,1
U0077,306,2.8,0
U0077,603,3.7,0
U0077,878,3.4,0
U0077,795,4.2,1
U0077,576,4.5,1
U0077,717,4.3,1
U0077,363,3.9,0
U0077,630,3.8,0
U0077,463,4.8,0
U0077,191,5.0,1
U0077,690,4.2,1
U0078,418,4.9,1
U0078,579,5.0,1
U0078,77,5.0,1
U0078,914,4.6,1
U0078,735,5.0,1
U0078,569,4.3,1
U0078,808,3.4,0
U0078,461,5.0,1
U0078,612,3.5,0
U0078,762,4.4,0
U0078,266,4.3,1
U0078,916,4.6,1
U0078,120,4.8,1
U0078,852,5.0,1
U0078,947,5.0,1
U0079,159,5.0,1
U0079,179,3.5,0
U0079,197,5.0,1
U0079,376,5.0,1
U0079,50,3.7,0
U0079,387,4.4,1
U0079,499,4.6,1
U0079,470,4.2,1
U0079,372,4.0,1
U0079,818,5.0,1
U0079,142,4.7,1
U0079,493,4.8,1
U0079,61,4.9,1
U0079,70,5.0,1
U0079,558,5.0,0
U0080,809,5.0,1
U0080,219,4.5,1
U0080,389,5.0,1
U0080,399,4.6,1
U0080,953,4.0,1
U0080,176,4.2,1
U0080,778,4.7,1
U0080,325,5.0,0
U0080,712,4.3,1
U0080,409,5.0,1
U0080,563,5.0,1
U0080,811,4.3,1
U0080,784,3.8,0
U0080,846,4.4,0
U0080,58,3.2,0
U0080,674,4.9,1
U0080,136,4.2,0
U0080,405,5.0,0
U0081,891,4.8,1
U0081,556,4.7,0
U0081,176,4.4,1
U0081,262,3.8,0
U0081,193,5.0,1
U0081,241,5.0,1
U0081,298,3.6,0
U0081,539,3.1,0
U0081,572,5.0,1
U0081,416,4.7,0
U0082,663,4.1,1
U0082,909,4.2,1
U0082,604,4.6,1
U0082,783,4.0,1
U0082,82,4.5,0
U0082,375,4.6,0
U0083,737,4.7,1
U0083,878,3.5,0
U0083,830,5.0,0
U0083,184,3.5,0
U0083,933,3.4,0
U0083,374,5.0,1
U0083,337,5.0,0
U0083,63,5.0,1
U0083,483,4.4,1
U0083,110,5.0,1
U0083,249,3.3,0
U0083,315,3.9,0
U0083,794,5.0,1
U0083,857,4.2,1
U0083,301,3.4,0
U0083,843,3.6,0
U0083,841,5.0,1
U0083,749,5.0,1
U0083,148,3.1,0
U0084,882,5.0,1
U0084,200,4.5,1
U0084,48,3.4,0
U0084,230,4.1,1
U0084,495,5.0,1
U0084,154,2.5,0
U0084,151,4.1,1
U0084,428,4.9,1
U0084,28,4.0,1
U0084,109,5.0,1
U0084,383,5.0,1
U0084,54,4.2,1
U0084,366,4.1,1
U0084,439,3.4,0
U0084,417,4.1,1
U0084,839,5.0,1
U0084,497,5.0,1
U0084,433,3.7,0
U0085,335,4.4,1
U0085,7,3.9,0
U0085,392,4.7,1
U0085,225,4.5,1
U0085,800,3.3,0
U0085,326,4.3,1
U0085,808,4.0,1
U0085,0,4.6,1
U0085,296,3.7,0
U0085,232,5.0,1
U0085,224,4.4,1
U0085,68,5.0,1
U0085,179,4.8,1
U0085,541,5.0,0
U0086,403,4.0,0
U0086,39,4.6,1
U0086,267,5.0,1
U0086,931,5.0,1
U0086,930,5.0,1
U0086,342,4.1,0
U0086,42,5.0,1
U0086,174,4.8,0
U0086,382,3.7,0
U0086,924,4.8,1
U0087,513,5.0,1
U0087,739,5.0,1
U0087,694,3.1,0
U0087,188,4.3,1
U0087,459,4.2,1
U0087,460,4.2,1
U0087,368,4.1,1
U0087,504,5.0,1
U0087,403,4.8,1
U0087,194,4.7,1
U0087,402,4.7,1
U0087,71,3.5,0
U0087,560,4.1,1
U0088,540,5.0,0
U0088,288,5.0,1
U0088,420,4.1,1
U0088,300,5.0,1
U0088,707,4.3,1
U0088,778,3.6,0
U0088,814,4.7,1
U0088,963,5.0,1
U0088,773,4.1,1
U0088,588,4.8,1
U0088,328,4.6,1
U0088,532,5.0,0
U0088,41,4.4,0
U0088,727,3.8,0
U0089,299,5.0,1
U0089,786,5.0,1
U0089,565,3.9,0
U0089,363,4.3,1
U0089,439,3.9,0
U0089,826,4.1,1
U0090,803,3.9,0
U0090,99,5.0,1
U0090,773,5.0,0
U0090,793,3.9,0
U0090,472,3.5,0
U0090,57,4.1,1
U0090,168,4.8,1
U0090,690,4.7,1
U0090,695,4.1,0
U0090,876,3.9,0
U0090,570,4.4,1
U0090,120,4.5,1
U0090,118,2.6,0
U0091,196,4.5,1
U0091,501,4.6,1
U0091,753,4.1,1
U0091,62,4.6,1
U0091,569,5.0,1
U0091,121,5.0,1
U0091,37,4.2,1
U0091,53,2.0,0
U0091,819,4.6,1
U0091,119,3.2,0
U0091,45,5.0,0
U0091,436,4.4,1
U0091,828,4.7,1
U0091,263,3.8,0
U0092,569,5.0,1
U0092,748,4.1,0
U0092,395,4.8,1
U0092,860,4.8,1
U0092,632,5.0,1
U0092,877,4.6,1
U0092,609,3.1,0
U0092,127,5.0,0
U0092,298,3.3,0
U0092,194,3.9,0
U0092,886,4.0,1
U0093,682,3.2,0
U0093,745,3.9,0
U0093,907,3.5,0
U0093,199,3.9,0
U0093,777,5.0,0
U0093,719,5.0,1
U0093,63,4.7,1
U0093,377,4.1,1
U0093,276,4.9,1
U0093,296,5.0,1
U0093,958,5.0,0
U0094,675,4.6,1
U0094,644,3.1,0
U0094,38,3.8,0
U0094,356,2.3,0
U0094,955,3.8,0
U0095,199,4.4,1
U0095,805,2.3,0
U0095,542,4.3,0
U0095,53,4.1,1
U0095,947,3.7,0
U0095,500,5.0,1
U0095,283,4.7,1
U0095,457,4.9,1
U0095,837,4.3,1
U0095,296,5.0,1
U0095,187,4.8,1
U0095,126,4.9,1
U0095,289,3.4,0
U0095,760,4.9,1
U0095,459,4.7,0
U0095,222,3.1,0
U0096,438,5.0,1
U0096,683,3.6,0
U0096,362,5.0,1
U0096,233,4.9,1
U0096,318,2.7,0
U0096,763,3.7,0
U0096,596,4.6,1
U0096,909,4.6,1
U0096,649,3.8,0
U0097,327,5.0,1
U0097,501,5.0,1
U0097,776,4.9,1
U0097,328,5.0,1
U0097,687,5.0,1
U0097,182,3.5,0
U0097,730,4.3,0
U0097,231,3.1,0
U0097,140,2.5,0
U0097,180,4.5,1
U0097,177,5.0,0
U0097,500,4.8,1
U0098,659,4.0,1
U0098,64,2.9,0
U0098,583,4.5,1
U0098,722,3.8,0
U0098,202,4.7,1
U0098,823,4.4,1
U0098,31,5.0,1
U0098,825,3.9,0
U0098,450,5.0,1
U0098,209,3.9,0
U0098,129,3.6,0
U0099,965,5.0,1
U0099,226,4.8,1
U0099,651,3.0,0
U0099,599,3.7,0
U0099,895,4.6,1
U0099,157,3.6,0
U0099,737,3.7,0
U0099,563,3.2,0
U0099,275,5.0,1
U0099,472,4.3,1
U0099,332,5.0,1
U0100,418,5.0,0
U0100,975,2.9,0
U0100,213,5.0,1
U0100,99,4.6,1
U0100,568,5.0,1
U0100,472,4.8,1
U0100,509,5.0,1
U0100,648,5.0,1
U0100,257,2.8,0
U0100,886,3.8,0
U0100,421,3.8,0
U0100,124,4.0,1
U0100,723,4.9,1
U0100,625,4.5,1
U0101,624,2.7,0
U0101,303,3.3,0
U0101,512,3.8,0
U0101,65,3.8,0
U0101,948,5.0,1
U0101,350,4.4,0
U0101,465,3.8,0
U0101,345,4.9,1
U0101,664,3.5,0
U0101,644,4.1,1
U0101,697,5.0,1
U0101,262,5.0,1
U0101,307,3.4,0
U0101,122,4.0,1
U0101,638,3.0,0
U0101,39,5.0,1
U0101,582,5.0,1
U0101,849,5.0,1
U0101,869,3.5,0
U0102,189,4.9,1
U0102,757,3.2,0
U0102,743,4.1,1
U0102,196,3.8,0
U0102,592,4.6,1
U0102,41,4.9,0
U0102,449,5.0,1
U0102,12,5.0,1
U0102,892,3.7,0
U0102,950,5.0,1
U0102,200,3.5,0
U0102,188,4.0,1
U0102,724,4.3,1
U0102,228,3.9,0
U0102,865,2.1,0
U0102,543,4.7,0
U0102,322,3.7,0
U0102,802,4.9,1
U0103,416,3.7,0
U0103,423,4.3,1
U0103,298,4.7,1
U0103,742,4.7,1
U0103,911,4.4,1
U0103,916,5.0,1
U0103,168,4.1,1
U0103,852,3.6,0
U0103,718,4.2,1
U0103,245,5.0,1
U0103,64,3.0,0
U0103,258,4.8,1
U0103,888,4.1,1
U0103,615,4.6,1
U0103,702,4.7,0
U0103,248,4.9,1
U0103,700,4.1,1
U0104,582,4.4,1
U0104,865,5.0,1
U0104,399,4.5,1
U0104,590,2.8,0
U0104,616,4.3,1
U0104,406,4.8,0
U0104,139,5.0,1
U0104,92,4.9,1
U0104,17,4.4,1
U0104,854,4.9,1
U0104,227,1.8,0
U0104,203,4.9,1
U0104,718,4.2,1
U0104,308,5.0,1
U0104,494,4.2,0
U0104,156,1.9,0
U0105,424,4.7,0
U0105,163,3.8,0
U0105,274,4.5,0
U0105,43,4.9,0
U0105,433,4.0,0
U0105,825,5.0,1
U0105,905,3.9,0
U0105,904,5.0,1
U0105,112,4.8,1
U0105,352,4.0,1
U0105,24,4.6,1
U0105,826,4.2,1
U0105,330,3.7,0
U0105,601,4.4,0
U0105,685,4.8,1
U0105,397,4.1,1
U0105,278,3.7,0
U0106,332,4.6,1
U0106,929,4.2,1
U0106,882,4.8,1
U0106,695,4.9,1
U0106,796,5.0,1
U0106,650,5.0,1
U0106,123,4.8,0
U0106,745,4.7,1
U0106,205,4.5,1
U0107,263,5.0,1
U0107,308,5.0,0
U0107,744,4.4,1
U0107,784,5.0,1
U0107,374,4.8,1
U0107,407,5.0,1
U0107,45,3.8,0
U0107,278,4.9,1
U0107,441,5.0,1
U0107,114,5.0,1
U0107,443,4.2,1
U0107,834,4.4,1
U0107,569,4.7,1
U0107,80,3.7,0
U0107,183,4.0,1
U0107,464,5.0,1
U0107,349,4.0,1
U0107,347,4.6,1
U0107,516,5.0,1
U0108,442,3.8,0
U0108,37,4.8,1
U0108,710,4.2,0
U0108,515,4.4,1
U0108,197,5.0,1
U0108,108,4.3,1
U0108,373,5.0,1
U0108,816,3.8,0
U0108,845,4.9,1
U0108,587,4.1,1
U0108,709,5.0,1
U0108,113,4.9,1
U0108,572,5.0,1
U0108,650,5.0,1
U0108,195,5.0,1
U0108,859,5.0,1
U0109,141,5.0,1
U0109,219,3.6,0
U0109,812,3.7,0
U0109,189,4.2,1
U0109,63,4.2,1
U0109,673,4.3,1
U0109,371,4.2,1
U0109,892,5.0,1
U0109,620,3.7,0
U0109,79,4.8,1
U0110,897,4.1,1
U0110,93,3.7,0
U0110,531,4.1,1
U0110,723,4.7,1
U0110,738,3.8,0
U0110,592,5.0,1
U0110,160,4.0,0
U0110,779,5.0,1
U0110,703,5.0,1
U0110,86,5.0,1
U0110,454,3.5,0
U0111,399,4.8,1
U0111,940,5.0,1
U0111,418,5.0,1
U0111,128,4.4,1
U0111,359,4.3,0
U0112,790,5.0,1
U0112,349,5.0,1
U0112,512,5.0,1
U0112,653,5.0,1
U0112,258,4.8,1
U0112,266,3.6,0
U0112,910,5.0,1
U0112,706,4.4,1
U0112,564,4.8,1
U0112,631,4.3,0
U0112,30,5.0,1
U0112,604,5.0,1
U0112,497,4.2,1
U0112,533,4.2,0
U0112,347,4.1,1
U0112,82,5.0,1
U0112,185,5.0,1
U0112,928,4.6,1
U0112,397,5.0,1
U0113,556,4.6,1
U0113,833,4.9,1
U0113,442,4.5,1
U0113,898,3.7,0
U0113,438,4.3,1
U0113,544,5.0,1
U0113,782,5.0,1
U0113,575,3.9,0
U0113,938,3.9,0
U0113,649,4.7,1
U0113,519,4.0,1
U0113,24,5.0,1
U0113,412,4.8,1
U0113,298,4.5,1
U0113,734,5.0,1
U0113,209,4.1,1
U0113,206,4.3,1
U0113,190,4.8,1
U0113,127,4.9,1
U0113,310,4.8,1
U0114,709,3.1,0
U0114,612,4.2,1
U0114,347,3.7,0
U0114,392,5.0,1
U0114,946,4.8,1
U0114,108,4.6,1
U0114,259,5.0,1
U0114,476,4.6,0
U0114,815,3.9,0
U0115,218,3.8,0
U0115,205,5.0,1
U0115,772,4.2,1
U0115,180,4.2,0
U0115,64,4.6,1
U0115,974,4.8,1
U0116,233,2.4,0
U0116,724,4.4,1
U0116,731,4.7,1
U0116,305,4.5,1
U0116,468,4.0,0
U0116,283,5.0,1
U0116,250,5.0,1
U0117,899,3.3,0
U0117,271,5.0,1
U0117,369,3.2,0
U0117,563,5.0,1
U0117,864,4.4,1
U0117,919,3.9,0
U0117,726,4.4,1
U0117,88,4.2,1
U0117,658,4.4,1
U0117,409,4.6,1
U0117,468,4.7,1
U0117,49,5.0,1
U0117,192,4.1,1
U0117,776,4.9,1
U0117,451,4.5,1
U0117,300,5.0,1
U0117,382,3.5,0
U0117,838,4.4,0
U0118,65,5.0,1
U0118,712,4.4,0
U0118,546,4.9,1
U0118,347,5.0,1
U0118,789,4.1,0
U0118,376,4.1,1
U0118,778,4.0,1
U0118,294,4.7,1
U0118,73,5.0,1
U0118,910,4.4,1
U0119,349,5.0,1
U0119,275,4.9,1
U0119,424,4.3,1
U0119,787,4.2,0
U0119,902,3.5,0
U0119,513,4.5,1
U0119,632,4.2,1
U0119,874,4.4,1
U0119,87,5.0,1
U0119,209,5.0,0
U0119,678,4.4,1
U0120,276,4.8,1
U0120,75,3.7,0
U0120,1,4.5,0
U0120,416,4.7,0
U0120,807,3.5,0
U0120,542,3.4,0
U0120,975,5.0,1
U0120,261,4.1,0
U0120,255,4.3,1
U0120,144,3.7,0
U0120,148,5.0,1
U0120,260,4.0,1
U0120,761,5.0,1
U0120,876,4.6,1
U0120,949,3.7,0
U0120,209,4.1,1
U0120,851,4.2,1
U0120,299,4.6,1
U0120,100,4.1,1
U0120,840,4.2,0
U0121,84,3.8,0
U0121,887,3.8,0
U0121,188,4.9,1
U0121,406,3.4,0
U0121,437,4.7,1
U0121,583,5.0,1
U0122,255,4.3,1
U0122,413,2.8,0
U0122,714,5.0,1
U0122,324,4.8,0
U0122,317,4.4,0
U0122,274,5.0,1
U0122,462,5.0,1
U0122,174,3.1,0
U0122,470,4.5,1
U0122,686,4.6,1
U0122,28,3.9,0
U0122,9,4.8,1
U0122,72,3.6,0
U0122,520,5.0,1
U0122,833,3.1,0
U0122,4,3.8,0
U0123,294,4.3,0
U0123,576,4.7,0
U0123,521,4.7,1
U0123,4,5.0,1
U0123,69,5.0,1
U0123,279,4.5,1
U0123,859,5.0,0
U0123,142,3.5,0
U0123,692,4.3,1
U0123,949,3.5,0
U0124,475,3.4,0
U0124,692,3.1,0
U0124,324,4.2,1
U0124,297,4.6,1
U0124,438,3.9,0
U0124,847,4.1,1
U0125,244,3.7,0
U0125,786,5.0,1
U0125,273,4.6,1
U0125,186,3.8,0
U0125,491,4.7,0
U0125,845,5.0,1
U0125,236,4.7,1
U0125,77,4.4,0
U0125,346,4.5,1
U0126,775,3.8,0
U0126,132,4.6,1
U0126,436,5.0,1
U0126,808,4.7,1
U0126,294,3.9,0
U0127,948,4.3,1
U0127,214,5.0,1
U0127,786,4.5,1
U0127,56,3.5,0
U0127,896,4.6,1
U0127,852,5.0,1
U0127,554,3.6,0
U0127,8,4.9,1
U0128,237,4.9,1
U0128,859,5.0,1
U0128,401,4.7,1
U0128,701,3.6,0
U0128,894,4.3,1
U0128,394,5.0,1
U0128,185,5.0,1
U0128,501,5.0,1
U0128,884,5.0,1
U0128,784,4.5,1
U0128,63,5.0,0
U0128,674,4.4,1
U0128,555,4.3,1
U0129,447,5.0,1
U0129,256,5.0,1
U0129,236,5.0,1
U0129,470,4.8,1
U0129,866,5.0,1
U0129,368,4.4,0
U0129,730,3.6,0
U0129,94,5.0,1
U0129,463,4.4,1
U0129,967,4.3,1
U0129,750,3.5,0
U0129,205,2.5,0
U0129,488,4.5,1
U0129,228,4.4,1
U0129,399,4.8,1
U0130,327,4.9,1
U0130,463,5.0,1
U0130,599,4.4,1
U0130,849,2.7,0
U0130,644,4.5,1
U0130,423,4.6,0
U0130,800,1.5,0
U0130,883,4.6,1
U0130,116,4.6,1
U0130,519,3.5,0
U0130,274,4.9,1
U0130,47,4.6,1
U0130,651,4.2,1
U0130,844,5.0,1
U0130,157,5.0,1
U0131,429,4.4,1
U0131,275,5.0,1
U0131,869,4.0,1
U0131,41,5.0,1
U0131,894,4.0,1
U0132,95,4.4,1
U0132,560,3.8,0
U0132,538,3.0,0
U0132,183,3.8,0
U0132,55,4.9,1
U0132,79,4.0,1
U0132,968,4.3,1
U0132,763,3.9,0
U0132,900,4.9,1
U0132,190,3.2,0
U0132,936,4.8,1
U0132,139,5.0,1
U0132,496,5.0,0
U0132,809,4.4,1
U0132,340,3.7,0
U0133,876,3.7,0
U0133,675,5.0,1
U0133,251,5.0,0
U0133,66,4.0,1
U0133,680,5.0,0
U0134,586,5.0,1
U0134,410,4.6,0
U0134,169,3.6,0
U0134,623,4.7,1
U0134,133,4.3,0
U0134,524,4.9,0
U0134,494,4.2,1
U0134,705,4.1,1
U0134,47,4.3,1
U0134,858,3.9,0
U0134,672,4.0,1
U0134,195,3.3,0
U0134,164,5.0,1
U0134,398,2.6,0
U0135,661,3.4,0
U0135,410,4.6,1
U0135,937,4.8,0
U0135,583,4.8,1
U0135,787,3.9,0
U0135,107,4.1,1
U0135,387,4.0,0
U0135,327,5.0,1
U0135,553,3.9,0
U0135,841,4.4,1
U0135,77,4.5,1
U0135,71,2.7,0
U0135,830,3.9,0
U0135,207,5.0,1
U0135,651,4.5,1
U0135,528,4.9,1
U0135,812,4.5,0
U0136,792,5.0,1
U0136,718,5.0,1
U0136,646,5.0,1
U0136,111,4.8,1
U0136,703,4.2,1
U0136,489,3.7,0
U0136,872,4.1,0
U0136,897,3.8,0
U0136,55,5.0,1
U0136,802,4.1,1
U0136,38,3.6,0
U0136,355,5.0,1
U0136,529,4.5,1
U0136,142,4.9,1
U0136,728,4.2,1
U0136,8,4.6,1
U0136,162,5.0,0
U0136,568,3.8,0
U0136,698,5.0,1
U0136,894,4.2,1
U0137,672,5.0,1
U0137,502,4.3,0
U0137,192,4.3,1
U0137,308,5.0,1
U0137,578,4.6,1
U0137,72,5.0,1
U0137,142,5.0,0
U0137,74,5.0,1
U0137,793,5.0,1
U0137,734,5.0,1
U0138,604,3.9,0
U0138,701,5.0,1
U0138,553,4.3,1
U0138,719,4.3,1
U0138,138,5.0,1
U0139,337,5.0,1
U0139,213,4.2,1
U0139,413,4.9,1
U0139,63,4.4,1
U0139,926,4.7,1
U0139,201,3.0,0
U0139,894,3.5,0
U0139,394,5.0,1
U0139,958,5.0,1
U0139,524,3.6,0
U0139,903,4.9,0
U0139,4,4.8,0
U0139,718,4.9,1
U0139,874,5.0,1
U0139,125,4.7,1
U0139,84,5.0,0
U0139,391,4.4,1
U0140,286,5.0,1
U0140,293,4.5,1
U0140,398,4.8,1
U0140,837,2.8,0
U0140,497,3.3,0
U0140,668,4.4,1
U0140,391,5.0,1
U0140,264,4.4,1
U0140,932,4.2,1
U0140,594,4.7,0
U0140,912,5.0,1
U0140,204,4.0,1
U0140,148,4.7,1
U0140,840,4.4,1
U0140,670,5.0,1
U0140,187,4.2,1
U0141,862,4.2,1
U0141,398,5.0,1
U0141,279,3.6,0
U0141,15,3.5,0
U0141,562,3.4,0
U0141,391,3.1,0
U0141,363,4.9,1
U0141,176,5.0,1
U0141,419,4.4,1
U0141,960,3.9,0
U0141,287,5.0,1
U0141,586,4.4,1
U0141,758,5.0,1
U0142,834,4.2,1
U0142,844,5.0,1
U0142,755,5.0,0
U0142,162,3.1,0
U0142,803,4.8,1
U0142,751,3.1,0
U0142,583,5.0,1
U0143,817,5.0,1
U0143,151,4.9,1
U0143,39,3.8,0
U0143,861,4.0,1
U0143,314,5.0,1
U0143,130,4.3,1
U0143,465,3.9,0
U0143,589,4.1,1
U0143,31,4.3,1
U0143,275,3.6,0
U0143,33,4.5,1
U0143,419,5.0,1
U0143,876,5.0,1
U0143,960,3.8,0
U0143,626,5.0,1
U0143,162,4.6,1
U0143,886,4.1,1
U0143,513,5.0,0
U0143,155,4.5,0
U0144,955,3.5,0
U0144,258,5.0,1
U0144,39,5.0,0
U0144,686,5.0,0
U0144,435,5.0,1
U0144,97,3.4,0
U0144,689,3.5,0
U0144,30,5.0,1
U0144,848,5.0,1
U0144,134,4.6,1
U0144,123,3.2,0
U0145,405,3.9,0
U0145,830,2.9,0
U0145,224,4.4,1
U0145,234,3.5,0
U0145,362,4.0,1
U0146,645,4.4,1
U0146,398,5.0,1
U0146,274,5.0,0
U0146,712,4.6,1
U0146,237,4.2,0
U0146,167,5.0,1
U0146,516,5.0,1
U0146,282,5.0,1
U0146,612,4.3,1
U0146,115,4.9,0
U0146,637,5.0,1
U0146,276,4.3,1
U0146,0,5.0,1
U0146,124,4.7,1
U0147,281,5.0,1
U0147,231,3.8,0
U0147,712,4.2,1
U0147,39,5.0,1
U0147,92,5.0,1
U0147,6,5.0,0
U0147,149,3.5,0
U0147,68,3.1,0
U0147,971,5.0,1
U0147,145,4.5,0
U0147,235,4.2,1
U0147,912,5.0,1
U0147,510,5.0,0
U0148,428,4.1,1
U0148,245,4.3,1
U0148,885,4.7,0
U0148,98,2.7,0
U0148,47,3.9,0
U0148,5,5.0,1
U0148,316,4.8,1
U0148,642,3.2,0
U0148,712,4.5,1
U0148,438,3.8,0
U0148,666,5.0,1
U0148,347,5.0,1
U0148,649,3.0,0
U0148,39,3.9,0
U0148,377,4.6,1
U0148,770,4.3,1
U0148,783,4.3,1
U0148,697,4.5,1
U0149,961,5.0,1
U0149,621,4.2,1
U0149,839,5.0,1
U0149,921,5.0,1
U0149,905,4.5,1
U0149,369,5.0,1
U0149,75,3.9,0
U0149,165,4.0,1
U0149,57,5.0,1
U0149,101,4.4,1
U0149,178,4.3,1
U0149,329,3.1,0
U0149,527,4.9,1
U0149,693,2.9,0
U0150,441,4.2,0
U0150,658,4.0,1
U0150,576,4.5,1
U0150,505,5.0,1
U0150,434,4.3,1
U0151,767,4.9,1
U0151,685,4.5,1
U0151,574,4.2,1
U0151,438,3.5,0
U0151,838,4.0,1
U0151,933,3.9,0
U0151,486,4.3,1
U0152,114,4.2,1
U0152,961,5.0,1
U0152,300,5.0,1
U0152,127,4.2,1
U0152,194,4.4,1
U0152,572,5.0,1
U0152,63,5.0,1
U0152,842,4.5,0
U0152,937,4.9,1
U0152,241,4.3,1
U0152,438,5.0,1
U0152,21,5.0,1
U0153,409,3.2,0
U0153,305,3.4,0
U0153,36,4.0,1
U0153,132,4.3,1
U0153,745,5.0,1
U0153,19,5.0,1
U0153,911,4.7,1
U0153,86,5.0,1
U0153,780,4.5,1
U0153,876,4.1,0
U0153,918,4.2,1
U0153,848,4.8,1
U0153,276,5.0,1
U0154,629,4.7,1
U0154,367,3.7,0
U0154,480,4.1,1
U0154,772,3.0,0
U0154,344,5.0,0
U0154,358,3.8,0
U0154,84,3.7,0
U0154,886,3.1,0
U0154,79,3.9,0
U0154,618,4.5,1
U0154,381,4.8,1
U0154,374,4.3,1
U0155,905,4.2,1
U0155,65,4.4,1
U0155,357,4.9,1
U0155,392,4.1,1
U0155,1,3.3,0
U0155,484,5.0,1
U0155,732,4.8,1
U0155,802,3.8,0
U0155,858,4.4,1
U0155,475,3.2,0
U0155,613,5.0,0
U0155,78,4.3,1
U0155,151,3.5,0
U0155,360,4.8,0
U0155,320,3.3,0
U0156,63,5.0,1
U0156,212,3.8,0
U0156,500,5.0,1
U0156,533,5.0,1
U0156,35,5.0,1
U0156,164,4.9,0
U0156,488,5.0,1
U0156,580,3.8,0
U0156,143,5.0,1
U0156,387,4.4,0
U0156,882,5.0,1
U0156,975,5.0,0
U0156,964,5.0,1
U0156,861,5.0,1
U0156,383,4.3,1
U0156,670,5.0,0
U0156,405,5.0,1
U0156,632,5.0,1
U0157,600,4.9,0
U0157,741,3.7,0
U0157,465,4.8,1
U0157,907,4.4,1
U0157,689,5.0,1
U0157,728,4.9,1
U0157,190,4.6,1
U0157,756,3.2,0
U0157,811,1.4,0
U0157,348,4.6,1
U0157,206,4.3,1
U0157,372,4.4,0
U0157,720,5.0,0
U0157,403,4.2,1
U0157,718,4.4,0
U0157,109,4.7,1
U0157,786,5.0,1
U0157,245,4.0,1
U0157,241,5.0,1
U0157,573,5.0,1
U0158,271,4.3,1
U0158,530,4.6,1
U0158,6,4.3,1
U0158,72,4.9,1
U0158,113,5.0,1
U0158,166,5.0,1
U0158,479,5.0,1
U0158,967,4.2,1
U0159,303,4.1,1
U0159,344,3.8,0
U0159,193,5.0,1
U0159,554,4.4,1
U0159,409,5.0,1
U0159,29,4.9,1
U0159,291,5.0,1
U0159,780,3.6,0
U0159,659,4.0,0
U0159,696,4.9,1
U0159,667,4.2,1
U0159,283,4.6,0
U0159,88,4.4,0
U0159,247,4.7,1
U0159,801,5.0,1
U0159,954,4.5,1
U0159,460,4.7,1
U0159,7,3.0,0
U0159,125,4.0,1
U0160,253,3.1,0
U0160,507,2.7,0
U0160,440,4.5,1
U0160,12,3.8,0
U0160,543,4.3,1
U0160,644,5.0,1
U0160,579,5.0,1
U0160,719,3.8,0
U0160,558,4.5,1
U0160,67,5.0,1
U0161,289,4.9,1
U0161,561,3.2,0
U0161,482,4.3,1
U0161,563,4.5,1
U0161,275,4.9,1
U0161,354,3.6,0
U0161,80,3.7,0
U0161,50,4.4,0
U0161,246,4.7,1
U0161,71,4.3,1
U0161,100,4.2,1
U0161,793,2.9,0
U0161,37,5.0,1
U0161,640,3.9,0
U0161,262,3.8,0
U0161,849,5.0,1
U0161,469,5.0,1
U0161,294,5.0,1
U0161,501,4.5,1
U0161,369,4.4,0
U0162,263,3.5,0
U0162,75,4.4,1
U0162,908,5.0,1
U0162,348,4.4,0
U0162,546,3.5,0
U0162,760,5.0,0
U0162,296,4.4,0
U0162,686,4.9,1
U0163,262,4.8,1
U0163,756,5.0,1
U0163,537,5.0,1
U0163,643,4.1,0
U0163,314,4.3,1
U0163,469,4.0,0
U0163,601,5.0,1
U0163,395,4.1,1
U0163,193,3.2,0
U0163,937,3.8,0
U0163,499,4.7,1
U0163,715,4.1,0
U0163,401,4.9,1
U0163,345,4.7,0
U0163,397,5.0,1
U0163,399,5.0,1
U0163,529,4.9,1
U0163,528,5.0,1
U0164,775,4.8,1
U0164,623,4.5,1
U0164,529,4.4,1
U0164,391,5.0,1
U0164,291,4.7,1
U0164,808,4.6,1
U0164,449,5.0,1
U0164,498,5.0,1
U0164,517,4.9,0
U0164,446,5.0,1
U0164,256,3.5,0
U0164,122,4.5,1
U0165,771,5.0,1
U0165,561,4.5,1
U0165,935,5.0,0
U0165,316,5.0,1
U0165,221,5.0,1
U0165,667,3.2,0
U0165,744,4.7,1
U0165,226,4.7,1
U0165,77,5.0,0
U0165,796,5.0,1
U0165,954,4.1,1
U0165,634,5.0,1
U0165,278,3.9,0
U0165,973,3.7,0
U0165,874,3.5,0
U0165,511,5.0,1
U0165,810,4.2,1
U0165,802,4.9,0
U0165,913,4.7,1
U0165,825,5.0,1
U0166,734,4.9,1
U0166,845,3.6,0
U0166,634,4.8,1
U0166,837,4.6,1
U0166,110,4.9,1
U0166,337,5.0,1
U0166,857,3.5,0
U0166,193,5.0,0
U0166,79,3.5,0
U0166,769,2.3,0
U0166,816,5.0,1
U0166,157,4.9,1
U0166,835,3.1,0
U0166,670,2.2,0
U0166,507,5.0,1
U0167,396,5.0,0
U0167,223,4.1,0
U0167,522,4.5,1
U0167,190,5.0,0
U0167,496,5.0,1
U0168,421,4.7,1
U0168,808,4.8,1
U0168,802,3.9,0
U0168,184,5.0,0
U0168,683,4.9,1
U0168,283,4.4,1
U0168,289,5.0,0
U0168,288,4.9,1
U0168,707,5.0,1
U0168,224,4.5,1
U0168,0,5.0,1
U0168,697,3.5,0
U0168,166,4.1,1
U0168,102,3.9,0
U0168,232,5.0,1
U0168,369,4.4,1
U0168,463,4.7,1
U0168,43,5.0,1
U0168,946,4.3,1
U0168,698,4.5,1
U0169,791,5.0,1
U0169,197,4.0,1
U0169,219,3.6,0
U0169,612,2.5,0
U0169,251,4.6,1
U0169,196,5.0,1
U0169,229,5.0,1
U0169,457,3.8,0
U0169,939,5.0,1
U0169,801,5.0,1
U0169,259,3.8,0
U0169,334,3.8,0
U0169,430,3.1,0
U0169,953,3.5,0
U0169,155,4.0,0
U0169,329,3.8,0
U0169,700,4.5,1
U0169,937,3.7,0
U0169,141,4.4,1
U0170,795,5.0,1
U0170,482,3.5,0
U0170,197,4.2,1
U0170,720,5.0,1
U0170,684,4.4,1
U0170,236,4.1,0
U0170,881,5.0,1
U0170,103,5.0,1
U0170,959,4.1,1
U0170,841,4.2,1
U0170,671,4.4,1
U0170,916,3.8,0
U0170,705,5.0,0
U0170,182,4.1,1
U0170,431,2.7,0
U0170,72,3.7,0
U0170,377,4.4,1
U0170,723,4.9,1
U0170,375,4.1,0
U0171,826,3.9,0
U0171,416,4.0,1
U0171,536,4.8,1
U0171,225,5.0,1
U0171,724,4.8,1
U0171,518,5.0,1
U0171,789,4.8,0
U0171,760,4.2,1
U0171,210,5.0,1
U0171,697,4.3,1
U0171,779,4.0,1
U0171,336,5.0,1
U0171,167,5.0,1
U0171,2,4.3,0
U0171,439,4.1,1
U0171,343,4.2,1
U0171,539,4.7,1
U0171,183,4.9,1
U0171,839,4.1,1
U0172,651,4.1,1
U0172,500,5.0,0
U0172,481,3.6,0
U0172,231,4.9,0
U0172,30,3.6,0
U0172,379,4.4,1
U0172,95,4.2,1
U0172,877,4.0,1
U0172,35,4.7,1
U0172,398,4.5,1
U0172,45,4.9,1
U0172,84,5.0,0
U0172,628,3.5,0
U0172,617,5.0,1
U0172,28,4.1,1
U0173,830,4.9,1
U0173,966,4.3,1
U0173,267,4.3,1
U0173,680,4.6,1
U0173,102,2.6,0
U0173,375,4.5,1
U0173,819,4.3,1
U0173,338,4.1,1
U0173,559,4.5,1
U0173,470,3.9,0
U0173,616,5.0,1
U0173,947,4.9,1
U0173,48,4.4,1
U0173,543,4.1,1
U0173,834,4.6,1
U0173,446,2.6,0
U0173,68,5.0,1
U0173,530,3.3,0
U0173,302,4.5,1
U0173,140,5.0,1
U0174,975,4.7,1
U0174,814,5.0,1
U0174,870,4.4,1
U0174,803,3.3,0
U0174,99,4.3,1
U0174,220,2.7,0
U0175,772,3.0,0
U0175,952,4.1,1
U0175,766,4.5,1
U0175,750,5.0,1
U0175,837,3.8,0
U0175,0,4.7,1
U0175,352,5.0,1
U0175,718,4.6,1
U0175,584,4.8,1
U0176,474,2.9,0
U0176,849,3.4,0
U0176,32,5.0,1
U0176,633,3.7,0
U0176,748,3.6,0
U0176,745,5.0,1
U0176,867,4.9,1
U0176,716,2.8,0
U0176,906,4.6,0
U0176,331,5.0,1
U0176,500,3.0,0
U0176,14,4.0,1
U0176,6,4.5,1
U0176,241,4.4,1
U0176,102,4.2,1
U0177,879,4.5,1
U0177,17,5.0,1
U0177,319,4.2,1
U0177,690,4.9,1
U0177,736,5.0,1
U0178,948,4.8,0
U0178,603,3.7,0
U0178,958,3.5,0
U0178,326,5.0,1
U0178,686,5.0,1
U0178,214,4.6,1
U0179,591,4.7,1
U0179,671,4.5,1
U0179,970,5.0,1
U0179,234,5.0,1
U0179,612,4.5,1
U0179,458,5.0,1
U0179,40,3.7,0
U0179,14,4.4,1
U0179,121,4.2,0
U0179,638,3.2,0
U0179,562,4.2,1
U0179,549,3.5,0
U0180,609,4.3,1
U0180,709,4.6,1
U0180,662,3.6,0
U0180,458,3.9,0
U0180,377,3.3,0
U0180,365,5.0,1
U0180,623,3.7,0
U0180,481,4.7,1
U0180,828,5.0,1
U0180,854,5.0,1
U0180,166,4.8,1
U0180,133,3.8,0
U0180,613,4.6,1
U0180,293,4.5,1
U0180,18,4.5,1
U0181,154,2.8,0
U0181,766,5.0,0
U0181,960,3.5,0
U0181,19,4.5,1
U0181,680,4.2,1
U0181,245,4.8,1
U0181,39,5.0,1
U0181,390,5.0,1
U0181,910,4.3,0
U0181,11,4.0,1
U0181,571,4.8,1
U0181,485,4.3,1
U0181,851,4.4,1
U0182,3,4.9,1
U0182,47,3.5,0
U0182,4,5.0,1
U0182,629,4.4,1
U0182,406,3.4,0
U0182,286,4.3,1
U0182,890,4.8,1
U0182,185,5.0,1
U0182,377,3.4,0
U0182,917,3.4,0
U0182,416,4.0,1
U0182,541,4.1,1
U0182,81,3.8,0
U0182,771,5.0,1
U0182,412,5.0,1
U0182,782,5.0,1
U0182,243,4.4,1
U0182,411,3.9,0
U0183,732,3.3,0
U0183,502,4.4,1
U0183,637,4.1,1
U0183,500,3.8,0
U0183,489,4.0,1
U0183,172,5.0,1
U0184,726,5.0,1
U0184,198,5.0,1
U0184,282,5.0,1
U0184,334,4.2,1
U0184,727,5.0,1
U0184,825,4.7,1
U0184,364,4.0,1
U0184,285,3.0,0
U0185,914,4.7,1
U0185,161,3.6,0
U0185,92,4.1,1
U0185,44,4.5,1
U0185,402,3.0,0
U0185,593,4.3,1
U0185,811,4.5,1
U0185,652,5.0,1
U0185,188,4.3,1
U0185,427,4.8,1
U0185,881,4.7,1
U0186,761,4.7,1
U0186,319,5.0,1
U0186,311,4.3,1
U0186,544,4.3,0
U0186,842,4.4,0
U0186,215,4.9,1
U0186,918,4.9,0
U0186,586,4.8,1
U0186,969,2.9,0
U0186,88,4.2,1
U0186,123,4.6,1
U0186,808,4.7,1
U0186,846,4.8,1
U0187,331,5.0,1
U0187,444,4.7,1
U0187,185,3.6,0
U0187,217,5.0,1
U0187,261,5.0,1
U0187,434,4.3,1
U0188,662,3.8,0
U0188,54,4.6,0
U0188,547,4.9,1
U0188,203,4.6,1
U0188,924,3.6,0
U0188,323,4.3,0
U0188,313,4.9,0
U0188,899,5.0,1
U0189,355,3.5,0
U0189,351,5.0,1
U0189,935,5.0,1
U0189,429,5.0,1
U0189,735,5.0,1
U0189,731,4.2,0
U0189,256,4.3,1
U0189,555,4.2,0
U0189,871,4.4,1
U0189,459,3.2,0
U0189,920,3.6,0
U0189,207,4.5,1
U0189,71,4.5,1
U0189,868,4.6,1
U0189,826,4.7,1
U0189,968,4.7,0
U0189,661,4.5,1
U0189,912,5.0,1
U0189,806,4.6,1
U0189,823,4.0,1
U0190,232,4.8,1
U0190,507,5.0,1
U0190,869,3.7,0
U0190,682,4.5,1
U0190,394,5.0,1
U0190,371,4.0,1
U0190,453,5.0,1
U0190,177,3.4,0
U0190,623,3.9,0
U0190,362,4.2,1
U0190,836,4.1,1
U0190,742,5.0,1
U0190,600,5.0,0
U0190,209,5.0,1
U0191,705,4.7,1
U0191,85,4.3,1
U0191,211,4.6,0
U0191,8,4.5,1
U0191,699,4.0,1
U0191,333,3.9,0
U0191,767,4.6,0
U0191,327,4.1,1
U0191,800,2.9,0
U0191,127,5.0,1
U0191,166,4.4,1
U0191,329,4.5,1
U0191,397,3.6,0
U0191,338,5.0,1
U0191,745,5.0,1
U0192,656,5.0,0
U0192,955,5.0,1
U0192,693,4.4,0
U0192,477,5.0,1
U0192,836,3.0,0
U0192,100,4.5,0
U0193,722,5.0,1
U0193,238,5.0,1
U0193,814,4.1,1
U0193,394,4.7,0
U0193,939,4.2,1
U0193,82,3.8,0
U0193,425,4.7,1
U0193,542,5.0,1
U0193,202,3.6,0
U0193,579,4.7,1
U0193,737,4.4,1
U0193,629,2.2,0
U0193,225,4.4,1
U0193,714,4.5,1
U0194,185,5.0,1
U0194,880,5.0,1
U0194,191,4.3,1
U0194,24,3.6,0
U0194,19,5.0,1
U0194,604,4.6,1
U0194,643,3.2,0
U0194,299,5.0,1
U0194,308,4.2,1
U0194,327,3.3,0
U0194,662,4.1,1
U0194,56,4.8,1
U0194,904,5.0,1
U0194,215,5.0,1
U0194,975,3.8,0
U0194,165,4.0,1
U0194,751,3.9,0
U0195,937,4.4,0
U0195,243,5.0,1
U0195,855,5.0,1
U0195,901,4.1,1
U0195,652,5.0,1
U0195,908,5.0,1
U0195,386,3.0,0
U0195,930,3.6,0
U0195,686,3.5,0
U0195,42,3.8,0
U0196,33,5.0,1
U0196,89,5.0,1
U0196,48,5.0,0
U0196,326,4.8,1
U0196,496,3.5,0
U0196,518,3.5,0
U0196,261,4.7,0
U0196,890,4.8,1
U0196,358,4.7,1
U0196,45,4.5,1
U0196,292,5.0,1
U0196,517,4.9,1
U0196,398,5.0,0
U0196,267,4.5,1
U0196,128,4.8,1
U0196,797,4.8,0
U0196,972,4.2,1
U0196,321,5.0,1
U0196,371,5.0,0
U0197,114,4.2,1
U0197,199,4.0,1
U0197,83,4.2,0
U0197,603,4.7,0
U0197,143,3.7,0
U0197,156,4.0,1
U0197,14,5.0,1
U0197,761,3.8,0
U0197,792,4.7,1
U0197,158,3.8,0
U0197,720,4.1,1
U0198,607,5.0,0
U0198,124,3.9,0
U0198,254,3.5,0
U0198,816,4.3,1
U0198,316,4.4,1
U0198,477,3.9,0
U0198,918,5.0,1
U0198,218,4.8,1
U0199,382,5.0,1
U0199,287,3.5,0
U0199,640,4.9,1
U0199,815,5.0,1
U0199,544,4.1,1
U0199,32,4.1,0
U0199,451,3.3,0
U0199,453,3.4,0
U0199,531,5.0,1
U0199,653,4.1,0
U0199,20,4.4,1
U0199,490,3.3,0
U0199,576,4.1,1
U0199,332,3.5,0
U0199,651,4.1,1
U0199,219,4.3,0
U0199,306,3.9,0
U0199,940,5.0,0
U0199,337,4.7,0
U0200,27,4.0,1
U0200,813,3.4,0
U0200,137,5.0,1
U0200,866,5.0,1
U0200,711,4.6,1
U0200,160,4.0,1
U0200,550,3.3,0
U0200,304,3.6,0
U0200,173,4.3,1
U0200,839,4.6,1
U0200,393,3.5,0
U0200,388,4.3,0
U0200,165,3.9,0
U0200,372,4.7,1
U0200,851,4.6,1
U0200,353,4.3,0
U0200,928,3.8,0
U0200,923,3.6,0
U0201,88,5.0,1
U0201,792,5.0,1
U0201,645,4.7,1
U0201,77,3.7,0
U0201,653,3.8,0
U0201,549,3.4,0
U0201,562,5.0,1
U0201,264,3.9,0
U0202,404,5.0,1
U0202,17,4.9,1
U0202,841,3.9,0
U0202,169,3.8,0
U0202,605,4.2,1
U0202,24,4.8,1
U0202,389,4.8,1
U0202,961,3.9,0
U0202,98,5.0,1
U0202,413,5.0,1
U0202,298,4.9,1
U0203,286,3.1,0
U0203,405,4.0,1
U0203,766,2.7,0
U0203,531,5.0,1
U0203,532,5.0,1
U0203,52,4.8,1
U0203,388,5.0,1
U0203,264,3.9,0
U0203,975,4.4,1
U0203,299,5.0,1
U0203,864,4.3,1
U0203,659,4.6,1
U0203,331,4.7,0
U0203,528,5.0,0
U0203,820,4.5,1
U0203,863,5.0,0
U0203,156,4.0,1
U0204,107,3.9,0
U0204,331,3.5,0
U0204,577,5.0,1
U0204,182,4.7,1
U0204,865,4.8,1
U0204,788,5.0,1
U0204,504,5.0,1
U0204,705,5.0,1
U0205,638,4.9,1
U0205,374,3.4,0
U0205,816,5.0,1
U0205,926,5.0,1
U0205,785,5.0,1
U0205,367,4.9,1
U0205,768,4.6,1
U0205,342,4.9,1
U0205,163,4.8,1
U0205,33,4.7,1
U0206,347,4.6,0
U0206,568,5.0,1
U0206,74,2.9,0
U0206,168,3.8,0
U0206,868,4.8,1
U0206,594,4.2,1
U0206,928,4.7,0
U0206,975,4.0,1
U0206,360,3.5,0
U0206,288,4.8,1
U0206,839,3.9,0
U0206,615,3.9,0
U0206,775,4.8,1
U0207,256,5.0,1
U0207,197,4.5,1
U0207,16,4.8,0
U0207,533,5.0,1
U0207,555,5.0,1
U0207,382,4.8,1
U0207,269,4.0,1
U0207,641,5.0,1
U0207,135,4.0,1
U0207,515,5.0,1
U0207,752,5.0,1
U0208,683,3.6,0
U0208,113,3.6,0
U0208,560,5.0,1
U0208,250,4.4,1
U0208,430,5.0,1
U0208,623,5.0,1
U0208,257,3.6,0
U0208,52,4.4,0
U0209,524,5.0,1
U0209,161,4.1,1
U0209,703,4.7,0
U0209,690,5.0,1
U0209,944,3.9,0
U0209,298,4.1,1
U0209,742,4.8,1
U0209,432,5.0,0
U0209,553,3.5,0
U0209,802,5.0,0
U0209,223,4.9,1
U0209,341,4.5,1
U0209,758,4.7,1
U0209,564,5.0,1
U0209,93,5.0,1
U0209,428,2.0,0
U0209,579,3.4,0
U0209,890,5.0,1
U0209,189,4.0,0
U0210,934,4.5,1
U0210,430,4.9,1
U0210,627,5.0,1
U0210,584,4.1,1
U0210,340,5.0,1
U0210,432,4.5,1
U0210,63,4.9,1
U0210,775,4.4,1
U0210,235,4.4,1
U0210,449,5.0,1
U0210,469,5.0,1
U0211,754,3.9,0
U0211,505,3.5,0
U0211,687,5.0,1
U0211,869,4.4,1
U0211,893,4.2,1
U0211,266,4.7,1
U0211,180,5.0,1
U0211,250,3.7,0
U0211,733,4.5,1
U0211,358,5.0,1
U0211,166,5.0,1
U0211,96,4.2,1
U0211,316,4.8,0
U0211,131,4.5,0
U0211,150,5.0,1
U0211,667,4.0,1
U0211,20,3.1,0
U0211,115,5.0,1
U0211,826,4.2,1
U0211,323,3.7,0
U0212,531,3.3,0
U0212,229,4.5,1
U0212,832,4.6,1
U0212,543,5.0,1
U0212,198,5.0,1
U0212,609,4.5,1
U0212,346,3.5,0
U0212,826,4.6,0
U0212,443,4.2,1
U0212,709,4.5,1
U0213,27,5.0,1
U0213,555,4.0,1
U0213,524,5.0,0
U0213,318,3.3,0
U0213,182,4.5,1
U0213,776,4.7,1
U0213,46,5.0,0
U0213,60,5.0,1
U0213,407,4.4,1
U0213,227,4.1,1
U0213,716,5.0,1
U0213,605,5.0,1
U0214,614,2.7,0
U0214,306,4.6,1
U0214,225,3.2,0
U0214,856,5.0,1
U0214,815,5.0,1
U0214,222,4.2,1
U0215,371,3.2,0
U0215,918,4.6,1
U0215,222,4.8,1
U0215,772,4.5,1
U0215,581,5.0,1
U0215,347,5.0,1
U0215,1,4.7,1
U0215,413,3.2,0
U0215,251,4.3,1
U0215,93,4.1,1
U0216,906,4.7,1
U0216,864,2.5,0
U0216,744,4.5,1
U0216,689,4.5,1
U0216,239,4.5,1
U0216,592,4.6,1
U0216,488,5.0,1
U0216,833,5.0,1
U0216,458,5.0,1
U0216,114,5.0,1
U0216,4,3.7,0
U0216,647,5.0,1
U0216,519,3.4,0
U0216,302,4.2,0
U0216,152,5.0,1
U0216,432,5.0,1
U0216,89,5.0,1
U0217,284,4.8,1
U0217,745,5.0,1
U0217,743,5.0,1
U0217,285,5.0,1
U0217,80,4.5,1
U0217,11,3.6,0
U0217,417,4.6,1
U0217,400,4.5,0
U0217,964,4.9,0
U0217,457,4.7,1
U0217,250,4.6,1
U0217,870,4.4,0
U0217,478,3.2,0
U0217,583,5.0,1
U0217,93,5.0,1
U0217,372,3.8,0
U0218,452,5.0,1
U0218,754,3.5,0
U0218,328,4.5,0
U0218,616,5.0,1
U0218,49,4.7,1
U0218,592,5.0,1
U0218,149,4.1,1
U0218,809,5.0,1
U0218,345,3.8,0
U0218,275,4.3,1
U0218,820,4.2,1
U0218,386,4.0,1
U0218,360,4.4,0
U0218,278,5.0,1
U0218,890,3.8,0
U0218,731,5.0,1
U0218,63,4.6,1
U0218,696,4.7,1
U0218,514,5.0,1
U0218,880,3.4,0
U0219,795,5.0,1
U0219,36,3.0,0
U0219,387,4.8,1
U0219,426,4.9,1
U0219,759,4.6,1
U0220,727,5.0,1
U0220,419,4.5,0
U0220,191,4.4,1
U0220,183,4.1,1
U0220,830,5.0,0
U0220,647,4.6,0
U0220,515,3.8,0
U0220,370,5.0,0
U0221,675,4.9,1
U0221,909,3.8,0
U0221,203,4.6,0
U0221,433,4.1,1
U0221,226,4.0,1
U0221,69,3.2,0
U0221,372,5.0,1
U0221,345,4.3,1
U0221,245,3.8,0
U0221,269,4.1,1
U0221,332,3.1,0
U0221,963,5.0,1
U0221,752,4.4,1
U0221,62,5.0,1
U0221,842,3.8,0
U0221,603,3.5,0
U0221,861,3.3,0
U0221,313,4.7,1
U0221,430,4.4,1
U0222,650,5.0,1
U0222,228,4.0,1
U0222,477,5.0,1
U0222,380,4.8,1
U0222,88,5.0,1
U0222,608,4.3,1
U0222,482,3.9,0
U0222,268,4.3,1
U0222,461,2.8,0
U0222,755,5.0,1
U0222,781,4.9,1
U0222,632,4.5,1
U0223,242,3.2,0
U0223,673,4.9,1
U0223,86,3.7,0
U0223,246,4.9,1
U0223,839,4.3,0
U0224,210,4.8,1
U0224,589,5.0,0
U0224,545,4.1,1
U0224,368,4.5,1
U0224,844,5.0,1
U0225,417,3.1,0
U0225,576,3.5,0
U0225,715,3.8,0
U0225,502,3.3,0
U0225,793,5.0,1
U0225,703,4.9,1
U0225,598,4.1,1
U0225,147,4.1,1
U0225,815,5.0,1
U0225,912,3.9,0
U0225,133,4.6,0
U0225,476,3.6,0
U0225,253,5.0,1
U0225,734,5.0,1
U0225,137,3.3,0
U0225,856,4.1,1
U0225,176,4.4,1
U0225,776,3.5,0
U0225,443,4.4,0
U0226,868,3.6,0
U0226,122,5.0,1
U0226,226,4.6,1
U0226,511,4.4,1
U0226,767,3.9,0
U0226,31,4.6,1
U0226,957,3.6,0
U0226,420,4.8,1
U0226,330,4.3,1
U0226,266,4.1,0
U0227,24,4.8,1
U0227,363,5.0,1
U0227,109,3.3,0
U0227,341,4.7,1
U0227,167,4.8,1
U0227,361,4.3,1
U0227,406,3.5,0
U0227,290,4.3,1
U0227,639,5.0,1
U0227,896,5.0,1
U0228,569,3.2,0
U0228,647,4.9,1
U0228,694,4.8,1
U0228,861,4.2,1
U0228,361,3.2,0
U0228,74,4.5,1
U0228,934,4.8,0
U0228,423,3.6,0
U0228,606,5.0,1
U0229,565,5.0,0
U0229,651,5.0,1
U0229,314,3.7,0
U0229,557,4.7,1
U0229,281,4.1,1
U0229,389,4.9,1
U0229,745,5.0,1
U0229,236,5.0,1
U0229,817,5.0,1
U0229,363,5.0,1
U0229,516,5.0,0
U0229,917,4.2,1
U0229,663,4.7,1
U0230,809,4.3,1
U0230,200,3.7,0
U0230,61,4.4,1
U0230,238,5.0,1
U0230,424,4.7,1
U0230,718,4.9,1
U0230,613,3.9,0
U0230,239,5.0,1
U0230,500,4.8,1
U0230,905,5.0,1
U0230,801,4.5,1
U0230,321,4.2,1
U0230,959,4.3,1
U0230,696,4.8,1
U0230,63,4.6,1
U0230,35,5.0,1
U0230,169,5.0,1
U0230,715,4.2,1
U0230,185,4.1,1
U0230,509,4.5,1
U0231,546,3.8,0
U0231,385,4.2,1
U0231,149,5.0,1
U0231,139,4.9,1
U0231,677,5.0,1
U0231,948,4.7,1
U0231,210,4.0,0
U0231,742,3.8,0
U0232,741,4.5,0
U0232,216,4.5,1
U0232,955,3.4,0
U0232,52,3.6,0
U0232,349,5.0,1
U0232,426,3.1,0
U0232,809,4.9,0
U0232,751,4.2,1
U0232,373,4.0,0
U0232,560,3.3,0
U0232,820,4.3,1
U0232,18,3.2,0
U0233,238,3.7,0
U0233,613,5.0,1
U0233,673,4.6,1
U0233,271,3.9,0
U0233,728,3.8,0
U0233,186,4.5,1
U0233,513,5.0,1
U0233,773,4.1,1
U0233,504,3.8,0
U0233,878,5.0,1
U0233,50,3.4,0
U0233,557,5.0,1
U0234,835,4.6,1
U0234,658,3.8,0
U0234,166,5.0,1
U0234,185,5.0,0
U0234,904,4.2,1
U0234,32,5.0,1
U0234,450,4.4,1
U0234,305,4.2,1
U0234,647,5.0,1
U0234,819,3.2,0
U0234,350,4.1,1
U0234,416,4.6,1
U0234,957,3.3,0
U0234,763,4.7,1
U0234,876,4.0,1
U0234,427,3.2,0
U0234,229,5.0,0
U0234,401,5.0,1
U0235,227,4.5,1
U0235,517,3.3,0
U0235,110,5.0,1
U0235,532,5.0,1
U0235,1,4.5,1
U0236,142,5.0,1
U0236,668,4.5,1
U0236,734,4.7,1
U0236,117,5.0,1
U0236,229,3.9,0
U0236,100,4.5,1
U0236,432,4.6,1
U0236,127,4.1,0
U0237,434,4.2,1
U0237,536,3.3,0
U0237,198,4.8,1
U0237,429,4.5,1
U0237,499,4.8,1
U0237,882,4.4,1
U0237,261,4.4,1
U0237,851,3.9,0
U0237,633,4.2,1
U0237,20,3.9,0
U0237,712,3.9,0
U0237,36,4.5,1
U0238,379,4.7,0
U0238,254,5.0,1
U0238,578,5.0,1
U0238,656,4.0,1
U0238,424,4.6,1
U0238,535,3.4,0
U0238,663,4.6,1
U0238,736,3.8,0
U0238,866,3.5,0
U0238,326,3.1,0
U0238,923,5.0,1
U0238,607,3.6,0
U0238,755,4.5,1
U0238,669,3.7,0
U0239,332,4.1,1
U0239,723,4.9,1
U0239,627,5.0,0
U0239,550,4.7,1
U0239,497,4.1,1
U0239,814,5.0,1
U0239,212,4.2,1
U0239,409,4.0,1
U0239,140,4.3,1
U0239,564,4.4,1
U0239,226,4.1,1
U0239,304,4.7,1
U0239,436,4.7,1
U0239,22,5.0,1
U0239,80,3.7,0
U0239,655,3.9,0
U0239,396,4.9,1
U0239,835,4.9,1
U0240,103,5.0,1
U0240,344,4.9,1
U0240,534,5.0,1
U0240,796,4.1,1
U0240,218,5.0,0
U0240,788,4.2,0
U0240,398,4.3,1
U0240,190,3.3,0
U0240,744,2.7,0
U0240,92,4.8,1
U0240,512,4.9,1
U0240,64,4.8,1
U0240,354,5.0,1
U0240,592,4.3,1
U0240,551,3.4,0
U0240,403,4.6,1
U0240,427,4.5,1
U0240,228,5.0,0
U0241,18,4.0,0
U0241,908,4.0,0
U0241,874,3.9,0
U0241,511,3.1,0
U0241,546,5.0,1
U0241,674,5.0,1
U0241,239,5.0,0
U0242,274,3.9,0
U0242,873,4.4,1
U0242,840,5.0,1
U0242,158,3.5,0
U0242,25,4.1,1
U0242,86,4.4,1
U0242,275,4.5,0
U0242,948,4.2,0
U0242,541,5.0,1
U0242,360,4.0,0
U0242,866,4.4,0
U0242,438,4.1,1
U0242,303,4.4,1
U0242,916,3.9,0
U0243,121,4.2,1
U0243,383,5.0,1
U0243,134,3.6,0
U0243,626,4.7,1
U0243,753,3.9,0
U0243,518,3.8,0
U0243,650,4.3,1
U0243,910,4.3,1
U0244,679,4.9,1
U0244,200,4.6,1
U0244,901,4.4,1
U0244,209,3.8,0
U0244,247,4.4,1
U0244,286,4.9,1
U0244,749,3.7,0
U0244,413,3.6,0
U0244,799,4.3,1
U0244,764,4.9,1
U0244,904,4.9,1
U0244,737,4.6,0
U0244,50,4.8,1
U0244,816,2.8,0
U0244,913,4.8,1
U0244,969,4.0,1
U0244,121,4.7,1
U0244,596,4.0,1
U0244,193,4.0,0
U0244,253,5.0,1
U0245,230,3.4,0
U0245,202,5.0,0
U0245,888,4.9,1
U0245,264,3.4,0
U0245,281,4.0,1
U0245,411,3.8,0
U0245,140,4.6,0
U0245,504,5.0,1
U0245,654,4.9,1
U0245,771,5.0,1
U0245,699,3.6,0
U0245,149,5.0,0
U0245,453,4.6,0
U0245,39,4.9,1
U0245,18,4.6,1
U0246,669,5.0,1
U0246,748,3.4,0
U0246,427,4.0,0
U0246,845,4.3,1
U0246,152,4.0,1
U0246,279,4.5,0
U0246,94,2.9,0
U0246,212,5.0,1
U0246,240,4.3,1
U0246,897,3.9,0
U0246,79,3.6,0
U0246,425,4.2,1
U0247,732,4.7,1
U0247,73,4.9,1
U0247,88,5.0,1
U0247,635,4.6,1
U0247,476,3.6,0
U0247,772,5.0,1
U0247,894,5.0,1
U0247,377,4.4,1
U0247,583,4.4,1
U0247,489,3.7,0
U0247,958,3.2,0
U0247,812,4.2,1
U0248,194,3.9,0
U0248,20,4.7,1
U0248,546,5.0,1
U0248,452,4.3,1
U0248,639,4.2,0
U0249,132,3.0,0
U0249,943,5.0,1
U0249,700,4.7,1
U0249,225,4.1,1
U0249,695,3.9,0
U0249,544,4.0,1
U0249,97,4.8,1
U0249,160,4.8,1
U0249,35,4.6,1
U0249,778,5.0,1
U0249,521,5.0,1
U0249,288,4.0,1
U0250,60,3.6,0
U0250,670,4.4,1
U0250,555,3.9,0
U0250,339,4.8,1
U0250,688,4.1,0
U0250,524,4.8,1
U0250,459,4.0,1
U0250,499,4.8,1
U0250,622,4.5,1
U0250,642,4.6,1
U0250,278,3.0,0
U0250,135,4.0,0
U0250,150,5.0,0
U0250,625,4.1,1
U0250,853,3.4,0
U0250,398,4.1,1
U0250,163,4.9,1
U0250,738,4.7,0
U0251,515,4.9,1
U0251,8,4.1,1
U0251,1,4.7,1
U0251,99,4.7,1
U0251,103,4.4,1
U0251,693,5.0,1
U0251,206,4.7,1
U0252,266,5.0,1
U0252,813,4.6,1
U0252,93,5.0,1
U0252,109,5.0,1
U0252,879,4.2,1
U0252,528,4.1,1
U0252,702,5.0,1
U0252,216,4.0,0
U0252,160,3.7,0
U0252,816,2.4,0
U0252,347,5.0,1
U0252,444,4.9,1
U0252,29,5.0,1
U0252,374,3.9,0
U0252,752,4.8,1
U0252,803,4.7,1
U0253,296,3.1,0
U0253,153,3.5,0
U0253,139,5.0,1
U0253,134,4.5,1
U0253,115,4.5,1
U0253,242,5.0,1
U0253,305,4.8,1
U0253,939,5.0,1
U0253,571,4.8,1
U0253,965,3.8,0
U0253,371,5.0,1
U0253,455,3.8,0
U0254,329,3.9,0
U0254,583,5.0,1
U0254,902,4.2,1
U0254,898,5.0,0
U0254,277,3.6,0
U0254,718,3.3,0
U0254,757,4.1,1
U0254,790,4.7,1
U0254,557,4.2,1
U0254,10,4.7,0
U0254,743,4.7,1
U0254,105,5.0,1
U0254,114,5.0,1
U0254,591,4.8,1
U0254,960,4.4,1
U0254,234,4.1,0
U0254,630,4.4,1
U0254,292,5.0,1
U0254,877,4.9,1
U0255,747,4.9,1
U0255,652,3.6,0
U0255,47,4.5,1
U0255,527,3.9,0
U0255,499,3.2,0
U0255,673,5.0,1
U0255,74,4.7,1
U0255,785,4.2,1
U0255,134,3.7,0
U0255,404,4.7,0
U0256,492,3.9,0
U0256,469,5.0,1
U0256,933,5.0,1
U0256,432,4.0,1
U0256,770,4.4,0
U0256,919,5.0,1
U0256,859,3.9,0
U0256,210,3.8,0
U0256,493,4.7,0
U0256,345,5.0,1
U0256,399,5.0,1
U0256,359,5.0,0
U0256,811,3.9,0
U0256,450,5.0,1
U0256,520,5.0,1
U0256,959,3.9,0
U0257,759,4.8,0
U0257,345,3.0,0
U0257,957,4.2,1
U0257,176,4.1,0
U0257,575,2.6,0
U0257,88,4.5,0
U0257,715,4.1,1
U0257,970,4.5,0
U0257,797,4.8,1
U0258,812,4.8,0
U0258,43,4.9,1
U0258,635,3.9,0
U0258,302,4.6,1
U0258,186,5.0,1
U0258,648,5.0,1
U0258,557,4.3,1
U0258,303,5.0,1
U0258,496,4.7,1
U0258,239,3.2,0
U0258,842,4.5,1
U0258,301,5.0,1
U0258,238,4.1,1
U0258,732,4.5,1
U0258,17,4.7,1
U0258,258,5.0,1
U0258,363,4.0,1
U0258,859,4.0,1
U0259,577,4.3,1
U0259,368,4.6,1
U0259,350,3.9,0
U0259,657,3.5,0
U0259,386,4.2,1
U0259,255,4.9,1
U0259,398,3.9,0
U0259,793,5.0,1
U0259,944,5.0,1
U0259,625,5.0,1
U0259,767,4.2,1
U0259,529,5.0,0
U0259,613,3.3,0
U0259,966,5.0,1
U0260,647,2.7,0
U0260,33,5.0,1
U0260,538,5.0,0
U0260,367,5.0,1
U0260,951,4.1,1
U0260,474,3.1,0
U0260,522,4.4,0
U0260,682,4.6,1
U0260,449,5.0,1
U0260,202,4.4,1
U0260,504,5.0,1
U0260,916,3.8,0
U0260,378,5.0,1
U0260,649,4.2,1
U0260,952,3.5,0
U0260,799,3.1,0
U0260,628,5.0,1
U0260,706,4.3,1
U0260,908,4.3,1
U0261,307,4.0,1
U0261,210,4.3,0
U0261,578,5.0,0
U0261,66,5.0,1
U0261,696,4.4,0
U0261,685,2.9,0
U0261,345,4.2,0
U0261,871,4.3,1
U0261,489,3.3,0
U0261,628,5.0,1
U0261,204,2.5,0
U0261,406,4.7,1
U0261,842,4.1,0
U0261,207,4.7,1
U0261,380,4.6,0
U0261,309,5.0,0
U0261,147,3.8,0
U0262,519,5.0,1
U0262,495,5.0,1
U0262,256,4.6,1
U0262,911,4.5,0
U0262,442,5.0,1
U0262,123,3.7,0
U0262,418,5.0,1
U0262,122,3.7,0
U0262,486,4.7,1
U0262,544,2.7,0
U0262,326,3.6,0
U0263,210,4.3,1
U0263,164,4.5,0
U0263,42,3.5,0
U0263,553,4.5,1
U0263,540,4.3,1
U0264,385,4.1,1
U0264,738,5.0,1
U0264,632,4.5,1
U0264,171,4.3,1
U0264,49,3.5,0
U0265,671,3.8,0
U0265,266,5.0,1
U0265,811,3.8,0
U0265,82,5.0,1
U0265,753,5.0,0
U0266,531,3.4,0
U0266,20,4.3,1
U0266,160,4.8,1
U0266,631,4.3,1
U0266,704,4.5,1
U0266,575,2.7,0
U0266,144,4.5,1
U0267,597,5.0,1
U0267,27,4.6,1
U0267,907,4.7,1
U0267,507,5.0,1
U0267,41,4.1,1
U0267,330,4.7,1
U0267,73,2.6,0
U0267,379,4.8,1
U0267,651,3.0,0
U0268,60,4.2,0
U0268,450,4.8,1
U0268,434,5.0,1
U0268,236,4.7,1
U0268,893,3.9,0
U0268,385,3.2,0
U0268,835,5.0,0
U0268,97,5.0,1
U0268,291,3.9,0
U0268,158,5.0,0
U0269,322,4.6,0
U0269,427,4.3,0
U0269,513,4.9,1
U0269,434,4.8,1
U0269,477,5.0,1
U0269,287,4.1,1
U0269,153,3.9,0
U0269,45,4.9,1
U0269,189,5.0,1
U0270,596,5.0,1
U0270,90,4.2,1
U0270,9,3.7,0
U0270,17,3.4,0
U0270,406,3.7,0
U0270,230,4.5,1
U0270,158,4.0,1
U0270,604,3.4,0
U0271,952,5.0,1
U0271,937,4.2,1
U0271,955,4.6,0
U0271,773,5.0,1
U0271,964,3.7,0
U0271,869,4.9,1
U0271,401,4.6,1
U0271,764,5.0,1
U0272,74,3.9,0
U0272,721,5.0,1
U0272,777,4.5,1
U0272,398,4.3,0
U0272,384,4.0,1
U0272,931,4.5,0
U0272,894,4.0,1
U0272,224,3.8,0
U0272,762,4.6,1
U0272,608,3.9,0
U0272,148,5.0,1
U0272,345,4.3,1
U0272,170,4.4,1
U0272,284,4.2,0
U0272,601,4.8,1
U0272,363,3.1,0
U0272,382,5.0,1
U0272,526,4.6,1
U0273,520,4.9,0
U0273,468,4.6,0
U0273,656,4.5,0
U0273,559,5.0,1
U0273,964,4.0,1
U0273,807,4.2,1
U0273,253,4.3,1
U0273,708,4.6,1
U0273,205,5.0,1
U0273,763,4.8,1
U0273,142,3.9,0
U0273,463,4.5,1
U0273,772,4.3,1
U0273,269,3.1,0
U0273,818,5.0,1
U0273,629,5.0,1
U0273,385,5.0,1
U0273,412,3.6,0
U0274,23,5.0,0
U0274,846,4.4,1
U0274,159,5.0,1
U0274,512,5.0,0
U0274,588,2.9,0
U0274,455,3.8,0
U0274,338,5.0,1
U0274,464,5.0,1
U0274,310,2.3,0
U0274,436,5.0,1
U0274,357,5.0,1
U0274,561,3.7,0
U0274,239,5.0,1
U0274,966,4.5,1
U0274,498,3.9,0
U0274,195,4.9,1
U0274,474,3.9,0
U0274,850,4.1,1
U0274,22,4.6,1
U0274,669,3.1,0
U0275,6,4.8,1
U0275,966,5.0,1
U0275,351,4.8,1
U0275,828,5.0,0
U0275,522,5.0,0
U0275,126,4.7,1
U0275,779,4.1,1
U0275,693,5.0,1
U0275,515,4.2,1
U0275,502,3.8,0
U0275,87,5.0,1
U0275,639,5.0,1
U0275,888,4.3,1
U0275,91,4.4,1
U0275,252,4.8,1
U0276,108,4.9,1
U0276,281,5.0,1
U0276,202,4.6,1
U0276,386,5.0,1
U0276,109,3.6,0
U0276,31,5.0,1
U0276,639,4.9,1
U0276,593,5.0,0
U0276,690,5.0,0
U0276,643,3.9,0
U0276,112,3.8,0
U0276,283,3.8,0
U0276,126,5.0,1
U0276,823,4.7,0
U0276,727,5.0,1
U0276,196,4.5,1
U0276,332,4.0,1
U0277,358,5.0,1
U0277,479,4.1,1
U0277,292,4.6,1
U0277,588,4.6,1
U0277,705,4.6,0
U0277,445,3.5,0
U0277,856,5.0,1
U0277,514,4.7,1
U0277,145,4.6,1
U0277,611,4.1,1
U0277,459,4.7,1
U0277,914,5.0,1
U0277,390,4.4,1
U0277,402,4.8,0
U0277,640,4.1,1
U0277,523,4.2,1
U0277,373,4.7,1
U0278,350,4.9,1
U0278,248,4.9,1
U0278,731,3.5,0
U0278,327,5.0,1
U0278,414,3.7,0
U0278,390,3.7,0
U0279,285,5.0,0
U0279,536,4.7,1
U0279,63,3.6,0
U0279,133,4.2,1
U0279,176,5.0,1
U0280,316,4.2,1
U0280,768,4.9,1
U0280,331,3.6,0
U0280,250,4.3,1
U0280,858,4.6,0
U0280,533,4.1,1
U0280,278,5.0,1
U0280,912,4.7,0
U0280,673,4.7,1
U0280,215,5.0,1
U0280,598,4.9,1
U0280,850,5.0,1
U0280,678,5.0,1
U0280,239,5.0,1
U0280,632,5.0,1
U0280,602,4.0,1
U0281,822,4.0,1
U0281,423,5.0,1
U0281,20,3.6,0
U0281,461,2.6,0
U0281,73,4.7,1
U0281,958,4.4,1
U0281,557,4.6,1
U0281,231,5.0,1
U0281,533,5.0,1
U0281,67,4.5,1
U0281,768,4.1,1
U0281,897,4.3,0
U0281,844,3.5,0
U0281,313,4.6,1
U0282,868,4.6,1
U0282,906,3.0,0
U0282,233,4.7,1
U0282,413,5.0,1
U0282,14,5.0,1
U0282,858,3.2,0
U0282,151,4.4,1
U0282,841,4.5,1
U0282,321,4.4,0
U0282,358,5.0,1
U0283,558,3.9,0
U0283,259,2.7,0
U0283,650,5.0,1
U0283,351,3.5,0
U0283,529,5.0,1
U0283,475,5.0,1
U0284,509,5.0,1
U0284,508,4.3,1
U0284,74,3.6,0
U0284,500,4.3,1
U0284,804,4.6,1
U0284,924,4.8,1
U0284,105,3.7,0
U0284,617,4.5,1
U0284,555,5.0,1
U0284,869,5.0,1
U0285,849,5.0,1
U0285,416,4.6,1
U0285,736,5.0,1
U0285,543,5.0,0
U0285,380,4.3,1
U0285,795,5.0,1
U0285,577,4.7,1
U0285,389,3.4,0
U0285,111,4.7,1
U0285,876,5.0,1
U0285,36,5.0,1
U0285,847,4.9,1
U0285,358,4.8,1
U0285,628,2.6,0
U0285,901,4.2,1
U0285,153,4.6,1
U0285,562,2.2,0
U0285,749,4.3,0
U0285,743,4.9,1
U0285,522,4.0,1
U0286,347,4.2,1
U0286,473,3.1,0
U0286,496,4.2,1
U0286,858,3.5,0
U0286,351,4.7,1
U0286,879,4.0,1
U0286,408,4.6,1
U0287,274,5.0,0
U0287,58,4.9,1
U0287,228,3.7,0
U0287,179,5.0,1
U0287,510,2.7,0
U0287,570,3.5,0
U0287,577,4.5,1
U0287,358,4.6,1
U0287,388,4.8,1
U0287,804,4.9,1
U0287,441,3.6,0
U0287,961,4.1,1
U0287,406,3.6,0
U0287,619,5.0,1
U0287,43,4.3,1
U0288,568,5.0,1
U0288,180,5.0,1
U0288,431,4.1,0
U0288,340,4.8,1
U0288,930,4.3,0
U0288,244,4.3,1
U0288,469,4.3,1
U0288,916,4.4,1
U0288,774,5.0,1
U0288,942,5.0,1
U0289,904,5.0,1
U0289,615,3.7,0
U0289,771,4.6,0
U0289,165,3.4,0
U0289,203,5.0,1
U0289,519,4.5,1
U0289,169,3.9,0
U0289,621,4.4,0
U0289,281,4.5,1
U0289,773,3.6,0
U0289,789,5.0,1
U0289,454,3.7,0
U0289,173,4.0,1
U0289,631,2.8,0
U0289,969,4.3,1
U0289,608,4.6,1
U0289,36,3.6,0
U0289,18,4.6,1
U0289,309,5.0,1
U0289,187,4.6,1
U0290,17,5.0,0
U0290,378,5.0,0
U0290,638,4.6,1
U0290,243,4.8,1
U0290,421,3.9,0
U0290,56,5.0,1
U0291,334,4.7,0
U0291,18,4.7,1
U0291,241,5.0,1
U0291,297,4.6,1
U0291,603,4.3,1
U0291,166,4.8,1
U0291,402,4.9,1
U0291,472,5.0,0
U0291,449,4.1,1
U0291,950,5.0,1
U0291,46,4.1,1
U0291,928,5.0,1
U0291,569,3.9,0
U0291,778,2.6,0
U0291,419,3.4,0
U0292,344,5.0,0
U0292,805,5.0,0
U0292,382,3.7,0
U0292,599,3.4,0
U0292,499,5.0,1
U0292,706,3.7,0
U0292,157,4.6,0
U0292,899,4.4,1
U0292,633,5.0,1
U0292,271,3.7,0
U0292,125,4.2,1
U0292,151,5.0,1
U0292,767,4.4,1
U0292,580,4.7,1
U0292,379,5.0,1
U0292,331,5.0,0
U0293,468,5.0,1
U0293,902,5.0,0
U0293,701,3.7,0
U0293,109,4.6,1
U0293,173,3.7,0
U0293,766,3.2,0
U0293,815,4.6,1
U0293,530,4.6,0
U0293,538,3.7,0
U0293,615,4.3,1
U0293,427,2.8,0
U0293,663,3.6,0
U0293,106,4.6,0
U0293,937,5.0,1
U0293,730,3.4,0
U0293,614,4.2,1
U0293,308,5.0,1
U0293,157,4.3,1
U0293,399,4.5,1
U0294,974,3.3,0
U0294,196,3.4,0
U0294,511,4.3,0
U0294,336,2.7,0
U0294,513,4.2,1
U0294,226,4.4,1
U0294,46,5.0,1
U0294,557,4.7,1
U0294,327,5.0,1
U0294,177,4.2,1
U0294,315,4.6,1
U0295,605,5.0,0
U0295,171,5.0,1
U0295,675,5.0,1
U0295,450,5.0,1
U0295,514,5.0,0
U0295,30,5.0,1
U0296,798,4.5,1
U0296,521,4.1,1
U0296,957,4.6,1
U0296,690,4.8,1
U0296,73,4.7,1
U0296,364,3.6,0
U0296,485,4.1,1
U0296,809,4.2,1
U0296,700,4.2,1
U0296,339,5.0,1
U0296,623,4.9,1
U0296,546,4.9,1
U0296,113,5.0,1
U0296,211,4.4,0
U0296,312,4.3,1
U0296,176,5.0,1
U0296,136,5.0,1
U0296,50,4.4,1
U0297,321,3.8,0
U0297,773,4.9,0
U0297,669,3.1,0
U0297,570,4.4,1
U0297,367,5.0,1
U0297,206,5.0,0
U0297,698,4.3,1
U0297,92,4.3,1
U0297,948,5.0,1
U0297,956,4.0,1
U0297,132,4.8,1
U0297,105,3.8,0
U0297,411,3.1,0
U0297,941,3.7,0
U0297,399,4.2,1
U0297,362,4.0,1
U0297,691,4.3,0
U0297,179,4.3,1
U0297,361,5.0,1
U0297,291,4.4,1
U0298,102,5.0,1
U0298,385,4.9,1
U0298,862,4.7,1
U0298,957,3.8,0
U0298,391,5.0,1
U0298,868,4.9,1
U0298,507,3.9,0
U0298,704,5.0,1
U0298,45,5.0,1
U0298,552,4.6,1
U0298,71,5.0,1
U0298,269,2.9,0
U0298,561,4.4,1
U0298,792,3.9,0
U0299,935,4.6,1
U0299,808,3.5,0
U0299,651,2.9,0
U0299,164,3.0,0
U0299,721,3.5,0
U0299,714,3.3,0
U0299,423,4.0,1
U0299,904,4.7,1
U0299,168,5.0,1
U0300,568,3.6,0
U0300,437,3.0,0
U0300,218,5.0,1
U0300,301,4.1,1
U0300,682,4.7,1
U0300,219,5.0,1
U0300,604,3.9,0
U0300,574,2.6,0
U0300,946,5.0,1
U0300,60,4.9,1
U0300,106,3.6,0
U0300,493,5.0,1
U0300,514,5.0,1
U0300,39,4.5,1
U0300,805,4.9,0
U0300,481,5.0,0
U0300,337,5.0,1
U0300,310,4.6,0
U0300,841,4.3,1
U0301,368,4.8,1
U0301,178,3.6,0
U0301,740,2.8,0
U0301,200,5.0,0
U0301,677,4.9,1
U0301,175,3.9,0
U0301,87,4.8,1
U0301,243,5.0,1
U0301,274,5.0,1
U0301,629,4.9,1
U0301,155,3.7,0
U0301,905,4.1,1
U0301,537,3.2,0
U0301,475,4.9,1
U0302,707,5.0,1
U0302,891,4.4,1
U0302,712,4.3,1
U0302,808,5.0,1
U0302,726,5.0,1
U0302,613,5.0,1
U0302,416,5.0,1
U0302,881,5.0,0
U0302,633,4.1,1
U0302,388,4.5,1
U0302,82,2.9,0
U0302,283,4.4,1
U0302,528,3.2,0
U0302,269,4.8,0
U0302,216,3.5,0
U0302,514,4.6,1
U0302,165,5.0,1
U0302,780,5.0,1
U0303,216,3.2,0
U0303,1,4.2,1
U0303,911,5.0,0
U0303,297,5.0,1
U0303,191,5.0,1
U0303,262,4.7,1
U0303,322,4.4,1
U0303,462,5.0,1
U0304,31,5.0,0
U0304,524,5.0,1
U0304,900,4.9,1
U0304,583,3.4,0
U0304,948,5.0,1
U0304,131,4.1,1
U0304,555,4.3,1
U0304,779,4.7,1
U0304,513,5.0,1
U0304,90,5.0,1
U0304,570,5.0,1
U0305,579,3.5,0
U0305,370,5.0,1
U0305,81,5.0,1
U0305,360,4.6,1
U0305,183,2.2,0
U0305,938,4.4,1
U0305,702,4.6,1
U0305,735,4.8,1
U0305,434,4.9,1
U0305,111,5.0,1
U0305,267,5.0,1
U0305,260,5.0,1
U0305,484,4.5,1
U0305,458,3.5,0
U0305,432,3.5,0
U0305,493,4.0,1
U0305,964,3.3,0
U0305,297,4.3,1
U0305,604,5.0,1
U0306,110,5.0,1
U0306,760,5.0,1
U0306,702,4.0,1
U0306,637,5.0,1
U0306,149,4.5,1
U0306,258,5.0,1
U0306,380,3.8,0
U0306,269,4.2,0
U0306,220,5.0,1
U0306,786,4.1,1
U0307,609,4.9,1
U0307,145,4.5,0
U0307,954,5.0,1
U0307,673,5.0,1
U0307,724,3.3,0
U0308,950,5.0,1
U0308,341,4.0,1
U0308,18,4.8,1
U0308,133,3.6,0
U0308,22,4.8,1
U0308,964,4.9,1
U0308,253,5.0,1
U0308,895,4.1,0
U0308,971,3.7,0
U0308,567,4.4,1
U0308,28,4.6,0
U0308,71,3.7,0
U0308,447,5.0,1
U0308,374,5.0,1
U0308,574,4.1,1
U0308,405,4.4,0
U0309,8,3.7,0
U0309,899,4.9,1
U0309,55,4.9,1
U0309,254,5.0,1
U0309,502,5.0,1
U0309,470,5.0,1
U0310,397,4.3,1
U0310,430,4.9,1
U0310,59,3.8,0
U0310,135,4.1,1
U0310,383,5.0,1
U0310,681,4.2,1
U0311,85,4.8,1
U0311,475,5.0,1
U0311,603,5.0,1
U0311,67,5.0,1
U0311,200,5.0,0
U0311,323,4.7,0
U0311,356,2.3,0
U0311,657,4.4,1
U0311,513,5.0,1
U0311,369,4.8,1
U0311,435,4.6,1
U0311,12,4.6,1
U0311,750,5.0,1
U0311,39,4.5,1
U0311,808,4.3,1
U0312,462,4.5,1
U0312,411,5.0,1
U0312,433,4.2,1
U0312,44,4.7,1
U0312,352,4.1,0
U0313,164,4.3,1
U0313,449,2.4,0
U0313,590,3.6,0
U0313,322,4.4,1
U0313,497,4.1,1
U0313,127,3.5,0
U0313,441,4.7,1
U0313,89,4.2,0
U0313,48,4.9,1
U0314,693,4.7,1
U0314,111,4.2,1
U0314,553,3.9,0
U0314,551,5.0,1
U0314,664,4.6,1
U0315,631,4.5,1
U0315,856,4.1,1
U0315,770,3.9,0
U0315,113,3.7,0
U0315,379,4.8,0
U0316,279,3.1,0
U0316,167,5.0,1
U0316,809,4.1,1
U0316,712,4.1,0
U0316,903,5.0,1
U0316,149,5.0,1
U0316,130,4.5,0
U0316,510,4.5,1
U0316,584,4.0,1
U0316,445,3.9,0
U0316,567,4.4,1
U0316,162,4.9,1
U0316,444,3.9,0
U0316,627,5.0,1
U0316,400,3.6,0
U0316,649,4.1,0
U0316,417,4.0,1
U0316,304,4.0,1
U0316,275,5.0,0
U0316,379,3.0,0
U0317,118,5.0,1
U0317,456,3.5,0
U0317,610,4.8,0
U0317,827,4.4,1
U0317,222,3.7,0
U0317,797,3.4,0
U0317,227,4.8,1
U0317,658,4.0,1
U0317,416,4.3,1
U0317,110,5.0,1
U0317,696,3.6,0
U0317,211,4.0,1
U0317,170,4.1,1
U0317,345,4.1,1
U0317,635,4.9,1
U0317,226,3.7,0
U0317,177,5.0,1
U0317,9,4.8,1
U0317,418,4.9,1
U0318,571,4.4,1
U0318,460,3.7,0
U0318,169,3.8,0
U0318,18,3.9,0
U0318,599,3.1,0
U0318,900,4.9,1
U0318,108,4.3,1
U0318,212,4.3,1
U0318,368,3.7,0
U0318,794,5.0,1
U0318,269,5.0,1
U0318,864,3.6,0
U0318,55,4.2,0
U0318,918,4.2,1
U0319,162,5.0,1
U0319,39,5.0,1
U0319,70,4.7,1
U0319,626,5.0,0
U0319,121,5.0,1
U0319,460,4.3,1
U0319,138,5.0,1
U0319,153,5.0,1
U0319,3,4.5,1
U0319,292,4.8,1
U0319,78,5.0,1
U0319,363,3.6,0
U0319,565,4.5,1
U0320,561,4.9,1
U0320,657,4.3,1
U0320,607,4.8,1
U0320,647,5.0,1
U0320,256,5.0,1
U0320,395,4.8,1
U0320,576,4.4,1
U0320,34,4.3,1
U0320,467,4.6,0
U0320,838,5.0,0
U0320,476,4.9,1
U0320,535,5.0,1
U0320,195,4.6,1
U0320,774,2.1,0
U0321,336,4.3,1
U0321,748,1.7,0
U0321,376,5.0,1
U0321,785,5.0,1
U0321,956,4.8,1
U0321,374,4.8,1
U0321,824,4.5,1
U0322,895,4.3,0
U0322,711,5.0,1
U0322,801,4.9,1
U0322,854,5.0,1
U0322,951,4.7,1
U0322,748,5.0,0
U0322,598,4.7,1
U0322,363,4.6,1
U0322,182,3.5,0
U0322,675,5.0,1
U0322,971,4.5,1
U0323,428,4.4,1
U0323,958,4.8,1
U0323,553,3.4,0
U0323,197,3.3,0
U0323,285,4.3,1
U0323,675,4.1,1
U0323,902,5.0,1
U0323,174,4.4,1
U0324,207,4.2,1
U0324,503,4.4,1
U0324,650,3.2,0
U0324,779,5.0,1
U0324,220,3.4,0
U0324,161,4.7,1
U0324,19,3.6,0
U0324,221,4.8,1
U0324,23,4.1,1
U0325,451,3.8,0
U0325,810,4.7,1
U0325,96,3.9,0
U0325,141,4.2,1
U0325,298,5.0,1
U0325,745,3.9,0
U0325,297,5.0,1
U0325,398,4.7,1
U0325,293,5.0,1
U0325,78,3.9,0
U0325,916,4.3,1
U0325,533,4.9,1
U0325,767,4.3,1
U0325,640,4.7,0
U0325,501,5.0,1
U0326,728,5.0,1
U0326,295,3.5,0
U0326,766,4.8,1
U0326,309,4.5,1
U0326,231,5.0,1
U0326,201,4.6,1
U0326,181,2.6,0
U0326,708,2.9,0
U0326,857,4.6,1
U0326,208,3.1,0
U0326,74,4.1,1
U0326,286,5.0,1
U0326,627,5.0,1
U0327,937,5.0,1
U0327,518,4.2,1
U0327,365,4.1,0
U0327,742,3.2,0
U0327,509,4.9,0
U0327,12,3.8,0
U0327,717,5.0,1
U0327,713,5.0,1
U0327,159,4.4,1
U0327,932,5.0,1
U0328,372,5.0,1
U0328,373,5.0,1
U0328,134,3.6,0
U0328,918,4.7,1
U0328,737,5.0,1
U0328,1,4.1,1
U0328,750,4.4,1
U0328,726,4.9,1
U0328,9,3.7,0
U0329,372,4.6,0
U0329,795,5.0,1
U0329,563,5.0,1
U0329,110,3.8,0
U0329,371,4.5,0
U0329,244,4.0,0
U0329,515,4.3,1
U0330,868,4.8,1
U0330,966,4.9,1
U0330,113,5.0,1
U0330,126,4.2,1
U0330,664,4.4,1
U0330,360,5.0,1
U0330,716,4.9,0
U0330,394,4.7,1
U0330,614,4.7,1
U0330,752,4.3,0
U0330,535,4.0,1
U0330,526,3.7,0
U0330,87,5.0,0
U0330,399,2.9,0
U0331,237,5.0,0
U0331,881,4.0,0
U0331,707,4.0,1
U0331,721,2.8,0
U0331,745,4.0,1
U0331,490,2.3,0
U0331,794,4.0,0
U0331,815,4.5,0
U0331,347,4.3,1
U0331,387,5.0,0
U0331,866,5.0,1
U0331,509,5.0,1
U0331,845,5.0,1
U0331,609,4.8,1
U0331,577,3.9,0
U0331,29,4.4,0
U0331,267,4.9,0
U0331,485,5.0,0
U0331,570,5.0,1
U0332,639,3.9,0
U0332,495,4.5,1
U0332,27,3.8,0
U0332,63,5.0,1
U0332,370,5.0,1
U0332,730,2.9,0
U0332,889,4.2,1
U0332,28,4.0,0
U0332,355,3.9,0
U0332,216,4.9,1
U0332,795,5.0,1
U0332,825,4.7,0
U0332,199,5.0,0
U0332,692,4.4,0
U0332,713,5.0,1
U0332,171,4.6,1
U0332,419,4.0,1
U0332,603,4.0,1
U0333,156,5.0,1
U0333,732,2.7,0
U0333,235,4.1,1
U0333,2,3.9,0
U0333,889,3.5,0
U0333,609,4.0,1
U0333,434,5.0,1
U0333,708,4.9,1
U0333,322,4.5,1
U0333,931,4.7,1
U0333,69,5.0,1
U0333,626,3.4,0
U0333,759,4.6,1
U0333,459,4.1,1
U0333,736,3.2,0
U0333,904,4.7,1
U0333,726,3.5,0
U0334,718,4.8,1
U0334,368,4.7,1
U0334,214,5.0,0
U0334,38,2.9,0
U0334,486,4.1,1
U0334,568,5.0,1
U0334,878,4.1,1
U0334,864,4.9,1
U0334,423,5.0,1
U0334,422,4.8,1
U0334,162,4.8,1
U0335,373,4.1,1
U0335,763,4.1,1
U0335,154,4.5,1
U0335,952,4.3,1
U0335,303,5.0,1
U0335,418,5.0,1
U0335,264,4.1,0
U0335,566,4.4,1
U0336,852,4.3,1
U0336,502,5.0,1
U0336,576,4.8,0
U0336,360,5.0,1
U0336,652,4.4,1
U0336,421,4.9,1
U0336,742,3.7,0
U0336,803,5.0,0
U0336,654,5.0,1
U0336,480,5.0,1
U0336,763,4.3,1
U0336,482,4.7,1
U0336,109,5.0,1
U0336,113,4.7,1
U0336,926,3.9,0
U0336,204,5.0,1
U0336,797,4.8,1
U0336,237,3.4,0
U0336,420,3.8,0
U0337,238,5.0,1
U0337,250,3.7,0
U0337,894,4.3,1
U0337,487,4.2,1
U0337,652,4.1,1
U0337,274,4.9,1
U0337,510,4.6,1
U0337,340,5.0,1
U0337,313,4.1,1
U0337,241,3.4,0
U0337,399,4.0,1
U0337,642,5.0,1
U0337,216,5.0,1
U0338,322,4.2,1
U0338,316,4.4,1
U0338,387,4.5,1
U0338,687,3.9,0
U0338,549,3.4,0
U0338,900,5.0,1
U0338,24,3.5,0
U0338,690,4.3,1
U0339,493,4.7,1
U0339,746,4.1,0
U0339,210,4.9,1
U0339,808,4.6,1
U0339,901,5.0,1
U0339,618,4.5,1
U0339,103,4.7,1
U0339,874,3.9,0
U0339,772,4.7,1
U0339,731,5.0,1
U0339,36,3.6,0
U0339,778,4.3,0
U0339,134,5.0,1
U0339,217,5.0,1
U0339,561,4.8,1
U0339,258,5.0,1
U0339,643,4.2,1
U0339,591,4.5,1
U0340,642,3.8,0
U0340,806,3.4,0
U0340,165,5.0,1
U0340,583,4.5,1
U0340,45,5.0,1
U0341,424,5.0,1
U0341,658,3.9,0
U0341,411,2.2,0
U0341,306,4.4,1
U0341,432,4.4,1
U0341,865,5.0,1
U0341,354,4.6,1
U0341,372,2.4,0
U0341,576,4.1,1
U0341,723,3.5,0
U0341,705,4.1,1
U0341,16,5.0,1
U0341,657,3.3,0
U0341,416,5.0,1
U0341,491,5.0,1
U0341,531,4.1,1
U0341,703,5.0,1
U0341,800,3.6,0
U0341,617,4.9,1
U0341,533,5.0,1
U0342,212,5.0,0
U0342,100,3.9,0
U0342,235,4.0,0
U0342,192,3.8,0
U0342,951,5.0,1
U0342,286,5.0,1
U0342,232,5.0,1
U0342,820,4.9,1
U0342,417,4.0,1
U0342,420,5.0,1
U0343,794,4.4,1
U0343,514,3.9,0
U0343,199,5.0,1
U0343,307,5.0,1
U0343,351,4.0,1
U0343,947,5.0,1
U0343,4,4.9,1
U0343,958,3.9,0
U0343,954,5.0,1
U0343,971,5.0,1
U0343,442,3.1,0
U0343,937,3.9,0
U0344,266,3.2,0
U0344,550,3.3,0
U0344,847,4.9,1
U0344,106,5.0,1
U0344,383,4.9,1
U0344,246,5.0,1
U0344,12,4.4,1
U0344,756,5.0,1
U0344,783,4.9,1
U0344,200,4.7,1
U0344,136,5.0,1
U0345,856,5.0,1
U0345,513,4.4,1
U0345,848,4.4,1
U0345,251,4.3,1
U0345,165,4.7,1
U0346,198,3.2,0
U0346,321,4.3,0
U0346,899,4.7,0
U0346,470,4.5,1
U0346,617,5.0,1
U0346,357,4.7,0
U0346,169,4.0,1
U0346,201,5.0,1
U0346,772,4.2,1
U0346,864,4.6,1
U0346,459,4.5,0
U0346,328,4.4,1
U0346,777,5.0,1
U0346,643,3.9,0
U0347,698,4.2,0
U0347,314,3.7,0
U0347,121,4.2,0
U0347,309,4.6,0
U0347,433,5.0,1
U0347,256,4.2,1
U0347,218,3.7,0
U0347,6,4.6,0
U0347,619,3.9,0
U0347,604,5.0,1
U0347,189,4.8,1
U0347,921,3.2,0
U0348,485,4.4,1
U0348,710,4.6,1
U0348,947,3.3,0
U0348,846,4.3,1
U0348,205,4.5,1
U0348,707,4.2,1
U0348,289,5.0,1
U0348,672,5.0,1
U0349,688,3.9,0
U0349,974,2.8,0
U0349,356,3.7,0
U0349,877,3.1,0
U0349,380,5.0,0
U0349,678,3.2,0
U0349,589,4.8,1
U0349,53,3.0,0
U0349,79,3.8,0
U0349,21,3.8,0
U0349,369,5.0,1
U0349,732,3.9,0
U0350,806,4.6,0
U0350,362,4.2,1
U0350,371,4.9,1
U0350,764,4.6,1
U0350,487,4.9,0
U0350,866,4.3,1
U0350,582,4.4,0
U0350,242,4.8,1
U0350,563,4.1,1
U0350,3,4.1,1
U0350,311,1.5,0
U0350,209,3.6,0
U0350,643,5.0,1
U0350,137,4.4,1
U0350,290,3.2,0
U0350,329,4.3,1
U0350,47,3.6,0
U0350,310,4.0,1
U0350,224,4.1,1
U0350,118,2.9,0
U0351,299,2.9,0
U0351,356,4.1,1
U0351,308,3.4,0
U0351,412,4.8,0
U0351,330,4.2,1
U0351,657,3.0,0
U0351,284,5.0,1
U0351,338,4.3,1
U0351,421,5.0,1
U0351,3,3.7,0
U0351,476,5.0,0
U0351,247,4.3,1
U0351,54,5.0,1
U0351,886,4.2,1
U0351,310,3.2,0
U0351,808,3.9,0
U0352,709,4.5,1
U0352,786,2.8,0
U0352,921,3.3,0
U0352,233,5.0,1
U0352,49,5.0,1
U0352,290,4.1,0
U0352,398,5.0,0
U0352,614,4.5,1
U0352,783,4.2,1
U0352,347,5.0,1
U0352,471,4.8,0
U0352,770,4.7,1
U0352,227,4.5,1
U0353,831,4.2,1
U0353,149,5.0,1
U0353,16,4.6,0
U0353,674,4.3,1
U0353,96,4.9,1
U0353,112,4.3,0
U0354,326,4.9,0
U0354,548,4.6,0
U0354,704,4.7,1
U0354,54,3.9,0
U0354,561,4.9,1
U0354,924,5.0,0
U0354,236,4.0,1
U0354,879,3.8,0
U0354,921,3.9,0
U0354,244,4.0,0
U0354,724,4.5,1
U0354,215,4.6,1
U0354,708,3.9,0
U0354,765,5.0,1
U0354,222,4.5,1
U0354,686,4.1,1
U0354,782,4.6,1
U0354,329,4.6,1
U0354,151,5.0,1
U0354,80,4.0,1
U0355,404,5.0,1
U0355,32,4.0,1
U0355,132,4.2,1
U0355,312,4.5,1
U0355,332,4.4,1
U0356,564,4.9,1
U0356,230,4.2,0
U0356,873,4.5,1
U0356,44,5.0,1
U0356,196,5.0,1
U0356,732,5.0,0
U0356,691,3.8,0
U0356,282,3.7,0
U0356,61,5.0,1
U0356,838,4.8,0
U0356,305,5.0,1
U0356,190,2.9,0
U0356,503,4.7,1
U0356,888,5.0,1
U0356,43,4.5,0
U0356,745,5.0,0
U0357,46,3.9,0
U0357,280,4.3,1
U0357,262,4.7,1
U0357,597,4.6,1
U0357,117,4.2,1
U0357,852,4.6,1
U0357,797,3.7,0
U0357,621,5.0,0
U0357,423,5.0,1
U0357,905,4.1,1
U0358,260,4.8,1
U0358,191,3.7,0
U0358,456,4.7,0
U0358,603,4.1,1
U0358,249,4.3,1
U0358,299,4.2,1
U0358,923,4.0,1
U0358,664,3.8,0
U0358,767,5.0,0
U0358,365,4.8,1
U0358,273,5.0,1
U0358,452,5.0,1
U0358,792,5.0,0
U0358,453,4.3,1
U0358,832,2.3,0
U0359,119,5.0,1
U0359,2,4.4,1
U0359,896,4.6,1
U0359,78,4.6,1
U0359,876,3.9,0
U0359,389,4.1,1
U0359,635,5.0,1
U0359,180,5.0,1
U0359,803,5.0,1
U0359,175,4.7,1
U0359,376,4.9,0
U0359,233,4.1,1
U0359,817,4.6,1
U0359,838,5.0,1
U0359,362,4.4,1
U0360,145,3.9,0
U0360,100,5.0,1
U0360,845,5.0,1
U0360,822,4.2,1
U0360,671,5.0,1
U0360,596,4.9,1
U0360,365,5.0,1
U0360,225,4.8,1
U0360,656,3.0,0
U0360,893,3.7,0
U0360,435,4.0,1
U0360,302,4.6,1
U0360,271,3.6,0
U0360,24,4.5,1
U0360,517,3.9,0
U0361,271,4.0,1
U0361,592,4.1,0
U0361,908,4.6,1
U0361,841,4.0,1
U0361,458,4.6,0
U0361,812,4.9,0
U0361,421,3.3,0
U0361,253,4.6,1
U0361,961,4.4,1
U0362,220,5.0,1
U0362,863,4.4,1
U0362,806,5.0,1
U0362,86,3.8,0
U0362,215,4.4,1
U0362,751,4.3,1
U0362,475,3.7,0
U0362,741,3.3,0
U0363,321,4.5,0
U0363,373,4.8,1
U0363,554,4.5,0
U0363,464,5.0,1
U0363,369,5.0,1
U0363,296,4.9,1
U0363,601,5.0,1
U0363,489,5.0,1
U0363,311,3.5,0
U0363,198,4.2,0
U0363,753,4.2,1
U0363,779,5.0,0
U0363,207,5.0,1
U0363,253,4.2,1
U0364,677,5.0,1
U0364,927,3.9,0
U0364,102,3.9,0
U0364,40,2.5,0
U0364,948,4.9,1
U0364,78,4.3,0
U0364,376,3.5,0
U0364,633,4.5,0
U0364,859,4.9,1
U0364,248,3.3,0
U0364,28,5.0,1
U0364,509,3.4,0
U0364,458,4.0,1
U0364,298,4.7,1
U0364,853,5.0,0
U0364,729,4.4,1
U0365,45,5.0,1
U0365,457,5.0,1
U0365,442,4.9,1
U0365,957,3.2,0
U0365,140,5.0,0
U0365,679,4.3,0
U0365,401,5.0,1
U0365,509,3.7,0
U0365,747,5.0,1
U0365,158,4.2,1
U0365,748,4.0,1
U0365,71,4.4,1
U0365,480,4.9,1
U0365,728,4.8,1
U0365,193,4.7,1
U0365,755,3.6,0
U0365,167,3.8,0
U0365,785,5.0,1
U0365,466,5.0,1
U0366,173,4.3,1
U0366,727,5.0,1
U0366,739,4.5,1
U0366,950,3.4,0
U0366,191,3.9,0
U0366,124,5.0,1
U0366,140,4.1,1
U0366,186,5.0,1
U0366,524,4.5,0
U0366,953,4.3,1
U0366,581,4.6,1
U0366,519,4.4,1
U0366,662,4.4,1
U0366,75,3.5,0
U0366,801,3.7,0
U0366,636,5.0,1
U0366,172,3.7,0
U0366,619,5.0,1
U0367,204,4.4,1
U0367,848,4.0,1
U0367,586,3.2,0
U0367,745,4.0,1
U0367,935,4.2,0
U0367,628,4.4,1
U0368,602,5.0,1
U0368,113,4.8,0
U0368,824,3.8,0
U0368,970,4.9,1
U0368,354,5.0,1
U0368,443,5.0,1
U0368,695,3.8,0
U0368,914,4.8,1
U0368,872,4.8,1
U0368,57,3.5,0
U0368,163,5.0,1
U0368,736,4.6,1
U0368,672,4.7,1
U0368,129,4.4,1
U0369,863,4.2,1
U0369,532,4.0,1
U0369,967,5.0,1
U0369,689,4.5,1
U0369,210,4.1,1
U0369,404,4.9,1
U0369,333,4.7,1
U0369,342,4.5,1
U0369,745,4.3,1
U0369,577,5.0,0
U0369,38,4.3,1
U0369,859,4.6,1
U0369,296,3.5,0
U0369,973,4.0,1
U0369,931,4.6,1
U0369,918,4.7,1
U0369,796,4.7,1
U0369,222,4.8,1
U0369,528,3.3,0
U0369,226,5.0,1
U0370,720,3.6,0
U0370,502,4.5,0
U0370,303,3.4,0
U0370,403,4.3,1
U0370,930,4.9,1
U0370,354,5.0,1
U0370,92,4.3,1
U0370,429,3.3,0
U0370,618,5.0,1
U0370,9,3.6,0
U0370,363,5.0,0
U0371,609,4.5,1
U0371,488,3.1,0
U0371,943,4.2,1
U0371,673,5.0,1
U0371,244,3.8,0
U0371,885,3.8,0
U0371,283,4.1,1
U0371,359,3.7,0
U0371,98,3.5,0
U0371,877,4.6,1
U0371,275,3.9,0
U0371,250,4.7,1
U0372,50,4.4,1
U0372,37,5.0,1
U0372,872,4.8,1
U0372,876,5.0,1
U0372,105,4.1,1
U0372,345,4.4,1
U0372,816,5.0,1
U0372,125,5.0,1
U0372,256,5.0,1
U0372,664,3.9,0
U0372,958,4.7,1
U0372,779,4.3,1
U0372,759,5.0,1
U0372,332,4.7,1
U0372,644,4.1,1
U0372,110,4.3,0
U0372,969,3.7,0
U0372,470,5.0,1
U0372,624,4.6,1
U0372,856,3.3,0
U0373,519,4.8,1
U0373,888,3.6,0
U0373,15,4.5,1
U0373,624,4.1,1
U0373,71,3.0,0
U0373,6,4.6,1
U0373,145,3.5,0
U0373,408,3.3,0
U0373,782,4.8,1
U0373,271,4.3,1
U0373,608,4.2,1
U0373,397,4.5,1
U0373,227,3.3,0
U0373,498,2.9,0
U0374,687,5.0,1
U0374,401,3.7,0
U0374,295,4.1,1
U0374,148,5.0,1
U0374,821,2.6,0
U0374,63,4.9,0
U0375,463,3.4,0
U0375,171,5.0,1
U0375,42,5.0,1
U0375,412,5.0,1
U0375,745,3.3,0
U0375,856,3.1,0
U0376,722,4.5,1
U0376,780,3.3,0
U0376,707,4.4,1
U0376,194,4.6,1
U0376,673,4.7,1
U0376,11,4.4,1
U0376,294,4.2,1
U0376,387,3.3,0
U0376,816,5.0,1
U0376,378,4.3,0
U0376,341,4.6,1
U0376,488,5.0,0
U0377,257,5.0,1
U0377,934,4.6,1
U0377,309,5.0,0
U0377,328,3.3,0
U0377,190,5.0,0
U0377,792,5.0,1
U0377,276,4.8,1
U0377,412,4.7,1
U0377,432,5.0,1
U0377,410,5.0,0
U0377,501,3.7,0
U0377,800,3.5,0
U0377,804,5.0,1
U0377,784,5.0,0
U0377,102,4.8,0
U0377,785,4.3,1
U0377,122,4.9,0
U0377,126,5.0,1
U0377,926,5.0,1
U0378,86,5.0,1
U0378,136,5.0,1
U0378,263,4.5,1
U0378,406,4.3,1
U0378,842,4.6,0
U0378,277,5.0,0
U0378,893,4.1,1
U0378,451,2.6,0
U0378,630,4.5,1
U0378,258,5.0,1
U0378,152,5.0,1
U0378,849,3.8,0
U0378,107,4.1,1
U0379,922,4.2,0
U0379,173,4.1,0
U0379,833,4.3,1
U0379,102,4.3,1
U0379,840,4.0,1
U0379,567,4.3,1
U0379,820,4.2,1
U0379,838,4.7,0
U0379,564,5.0,1
U0379,889,5.0,0
U0380,632,4.3,1
U0380,941,5.0,1
U0380,536,3.9,0
U0380,494,5.0,1
U0380,309,4.3,1
U0380,250,2.9,0
U0380,20,3.5,0
U0380,266,4.1,1
U0380,437,3.2,0
U0380,193,3.3,0
U0380,86,5.0,1
U0380,699,4.6,1
U0381,626,4.6,1
U0381,600,5.0,1
U0381,778,5.0,1
U0381,855,2.6,0
U0381,497,4.3,1
U0381,478,3.1,0
U0381,604,4.7,1
U0381,711,4.2,0
U0381,346,3.1,0
U0381,492,5.0,0
U0381,569,3.4,0
U0381,964,4.7,1
U0381,572,5.0,1
U0381,219,4.0,1
U0381,798,4.0,1
U0381,837,3.6,0
U0381,779,4.9,0
U0381,867,4.2,1
U0381,320,3.6,0
U0382,40,4.9,1
U0382,13,4.3,1
U0382,442,4.5,1
U0382,84,5.0,1
U0382,175,4.0,1
U0382,817,4.3,1
U0382,541,4.7,1
U0382,604,3.9,0
U0383,652,4.0,1
U0383,628,4.3,1
U0383,212,4.9,0
U0383,738,5.0,1
U0383,83,4.1,1
U0383,473,4.5,1
U0383,9,5.0,1
U0383,944,5.0,1
U0383,732,4.1,1
U0383,153,4.4,1
U0384,504,4.3,1
U0384,874,3.2,0
U0384,336,5.0,1
U0384,841,4.2,1
U0384,54,4.9,1
U0384,959,4.6,1
U0384,889,4.9,1
U0384,350,4.6,1
U0384,757,4.5,1
U0384,734,4.5,1
U0384,879,4.7,1
U0384,295,4.7,1
U0384,456,4.7,1
U0384,846,4.9,1
U0384,760,4.0,1
U0384,382,4.0,1
U0384,826,2.7,0
U0385,353,4.8,1
U0385,583,5.0,0
U0385,209,5.0,1
U0385,616,4.9,1
U0385,27,4.3,1
U0385,329,4.3,1
U0385,728,5.0,1
U0385,788,3.7,0
U0385,245,4.5,1
U0385,523,4.4,1
U0386,2,5.0,1
U0386,764,4.4,1
U0386,325,3.7,0
U0386,54,4.3,1
U0386,268,4.9,1
U0386,293,5.0,1
U0387,101,4.3,1
U0387,272,3.6,0
U0387,254,4.7,1
U0387,912,5.0,1
U0387,475,4.0,1
U0387,109,5.0,1
U0387,282,3.7,0
U0387,851,4.4,1
U0387,826,3.1,0
U0387,879,4.9,1
U0387,378,5.0,1
U0387,624,2.9,0
U0387,271,4.9,1
U0387,176,5.0,1
U0387,21,3.7,0
U0387,218,4.5,1
U0387,588,5.0,1
U0388,931,4.1,1
U0388,918,3.4,0
U0388,96,5.0,1
U0388,920,4.3,1
U0388,775,3.9,0
U0388,756,5.0,1
U0388,87,5.0,1
U0388,173,5.0,1
U0388,951,5.0,1
U0388,206,3.7,0
U0388,163,5.0,1
U0388,349,5.0,1
U0388,889,4.4,1
U0388,461,4.0,1
U0388,896,4.1,1
U0388,322,3.6,0
U0388,219,5.0,1
U0388,479,4.0,1
U0388,598,5.0,0
U0388,378,4.7,1
U0389,785,4.2,0
U0389,957,5.0,1
U0389,694,5.0,1
U0389,567,5.0,1
U0389,38,5.0,1
U0389,373,5.0,0
U0389,560,5.0,1
U0389,783,3.5,0
U0389,436,5.0,1
U0390,731,5.0,1
U0390,237,4.1,1
U0390,312,4.4,1
U0390,171,4.9,1
U0390,690,5.0,1
U0390,424,3.6,0
U0390,409,4.2,1
U0390,572,4.8,1
U0390,142,4.8,0
U0390,869,4.8,1
U0390,430,5.0,1
U0390,337,4.5,1
U0390,113,4.9,1
U0390,151,4.5,1
U0390,892,4.1,1
U0390,422,3.8,0
U0391,460,4.9,0
U0391,205,4.7,1
U0391,24,4.5,0
U0391,553,3.8,0
U0391,162,5.0,1
U0391,188,3.8,0
U0391,434,5.0,1
U0391,440,4.0,1
U0391,275,4.9,1
U0391,133,4.6,0
U0391,923,3.3,0
U0391,348,4.6,1
U0391,303,3.7,0
U0391,850,4.9,1
U0391,409,5.0,1
U0391,125,4.1,1
U0391,10,3.6,0
U0391,712,3.8,0
U0392,280,3.8,0
U0392,62,5.0,1
U0392,78,5.0,0
U0392,121,5.0,1
U0392,815,4.4,1
U0392,639,4.7,1
U0392,378,3.9,0
U0392,268,5.0,1
U0392,561,4.3,1
U0392,507,3.4,0
U0392,465,4.8,1
U0392,302,4.8,1
U0392,135,3.5,0
U0393,435,4.4,1
U0393,522,5.0,1
U0393,952,5.0,1
U0393,959,4.9,1
U0393,96,5.0,1
U0393,525,3.3,0
U0393,798,3.0,0
U0393,228,3.7,0
U0393,732,5.0,1
U0393,859,4.3,1
U0393,645,5.0,1
U0393,317,4.0,1
U0393,900,5.0,1
U0393,863,5.0,1
U0393,698,4.7,1
U0393,351,4.9,1
U0393,773,4.5,1
U0393,305,5.0,0
U0393,242,4.4,1
U0393,503,4.4,1
U0394,426,4.4,1
U0394,128,4.6,0
U0394,963,5.0,1
U0394,324,5.0,1
U0394,569,3.6,0
U0394,759,4.3,0
U0394,899,4.8,1
U0394,735,3.8,0
U0394,657,4.4,1
U0394,453,4.7,0
U0394,589,4.5,0
U0395,12,4.3,1
U0395,721,4.8,1
U0395,472,4.4,0
U0395,873,4.5,1
U0395,545,4.6,1
U0395,413,4.8,1
U0395,636,5.0,0
U0395,803,3.3,0
U0395,257,5.0,1
U0395,96,3.6,0
U0395,400,3.9,0
U0395,193,4.7,1
U0395,396,4.8,1
U0396,173,4.7,0
U0396,907,5.0,1
U0396,646,4.2,1
U0396,294,5.0,1
U0396,45,5.0,1
U0396,574,5.0,0
U0396,214,4.5,1
U0396,937,5.0,1
U0396,670,3.1,0
U0396,950,3.8,0
U0397,969,3.4,0
U0397,719,3.7,0
U0397,382,4.7,1
U0397,127,4.8,1
U0397,312,4.5,0
U0397,188,5.0,0
U0397,605,5.0,1
U0397,347,4.4,1
U0397,287,5.0,1
U0397,737,4.8,1
U0397,225,4.5,1
U0397,571,3.5,0
U0397,189,5.0,1
U0397,697,4.5,1
U0397,608,4.0,1
U0397,777,5.0,1
U0398,646,3.6,0
U0398,227,4.2,1
U0398,740,3.8,0
U0398,313,5.0,1
U0398,426,3.7,0
U0398,264,4.8,1
U0398,409,5.0,1
U0398,661,3.7,0
U0398,106,4.1,0
U0398,101,4.3,1
U0398,666,5.0,1
U0398,759,3.2,0
U0398,535,5.0,1
U0398,175,5.0,1
U0398,416,5.0,0
U0398,738,4.7,1
U0398,668,4.4,1
U0398,945,4.3,1
U0398,216,5.0,1
U0398,212,4.3,1
U0399,484,4.8,1
U0399,45,3.3,0
U0399,564,5.0,1
U0399,745,5.0,1
U0399,264,2.6,0
U0399,650,5.0,0
U0399,344,3.4,0
U0399,558,4.1,1
U0399,374,5.0,1
U0399,295,5.0,1
U0399,835,3.5,0
U0399,733,3.0,0
U0399,336,3.9,0
U0399,423,3.8,0
U0399,674,4.5,0
U0399,791,4.8,1
U0399,666,5.0,1
U0399,525,4.3,1
U0400,450,5.0,1
U0400,928,4.9,0
U0400,324,5.0,1
U0400,514,4.7,0
U0400,74,3.6,0
U0400,832,3.2,0
U0400,403,4.4,1
U0400,682,5.0,1
U0400,664,3.3,0
U0400,659,3.6,0
U0400,494,5.0,1
U0400,271,4.7,1
U0401,58,4.2,1
U0401,347,3.8,0
U0401,142,2.9,0
U0401,180,4.5,1
U0401,911,4.0,1
U0401,597,4.8,1
U0401,870,4.4,1
U0401,433,4.5,1
U0401,584,4.3,1
U0401,33,4.4,1
U0401,460,5.0,1
U0401,551,4.0,1
U0401,17,4.5,1
U0401,771,3.9,0
U0401,284,5.0,1
U0401,442,5.0,1
U0401,522,4.1,1
U0401,969,5.0,1
U0401,97,4.8,1
U0401,541,4.2,1
U0402,533,5.0,1
U0402,933,4.8,1
U0402,970,4.9,1
U0402,554,3.6,0
U0402,167,3.5,0
U0402,157,3.9,0
U0402,745,4.5,1
U0402,579,3.9,0
U0402,535,4.5,1
U0402,456,4.8,1
U0403,841,5.0,1
U0403,620,5.0,0
U0403,206,3.6,0
U0403,325,4.9,1
U0403,828,4.1,1
U0403,375,4.9,1
U0404,278,4.7,0
U0404,385,4.2,1
U0404,819,4.3,1
U0404,423,4.3,1
U0404,231,4.7,1
U0404,531,2.0,0
U0404,818,3.9,0
U0404,419,5.0,1
U0404,128,5.0,1
U0404,370,5.0,1
U0405,634,4.9,1
U0405,714,4.6,1
U0405,122,5.0,1
U0405,270,4.8,1
U0405,216,4.4,1
U0405,369,4.6,1
U0405,743,5.0,1
U0405,695,4.2,1
U0405,645,3.7,0
U0405,6,4.1,0
U0405,138,5.0,1
U0405,218,4.5,1
U0405,265,4.1,1
U0405,143,5.0,1
U0405,400,5.0,1
U0406,623,3.8,0
U0406,45,5.0,1
U0406,769,4.3,0
U0406,217,5.0,1
U0406,256,5.0,1
U0406,90,4.6,1
U0406,518,3.2,0
U0406,482,3.2,0
U0406,335,5.0,1
U0406,163,5.0,1
U0406,816,4.3,1
U0406,854,5.0,0
U0406,524,4.8,1
U0407,381,5.0,0
U0407,240,4.8,1
U0407,37,4.1,1
U0407,307,2.4,0
U0407,772,4.9,1
U0407,347,5.0,1
U0407,312,5.0,1
U0407,917,4.3,1
U0407,40,4.7,1
U0407,747,4.3,1
U0408,890,4.6,1
U0408,197,4.1,1
U0408,897,4.5,1
U0408,209,3.5,0
U0408,497,3.9,0
U0408,314,4.7,1
U0408,102,3.8,0
U0408,45,4.4,1
U0408,336,4.8,1
U0408,41,5.0,1
U0408,93,5.0,0
U0408,127,3.8,0
U0409,892,4.7,1
U0409,143,4.8,1
U0409,212,5.0,1
U0409,595,4.3,1
U0409,499,4.4,1
U0409,297,4.9,0
U0409,865,5.0,0
U0409,882,5.0,1
U0409,291,3.8,0
U0410,843,5.0,1
U0410,250,5.0,0
U0410,555,5.0,0
U0410,823,5.0,1
U0410,899,4.3,1
U0410,473,5.0,1
U0410,622,3.0,0
U0410,2,5.0,1
U0410,247,4.5,1
U0410,272,4.9,1
U0410,91,3.8,0
U0410,273,4.5,1
U0410,313,4.8,1
U0410,944,4.0,1
U0411,555,5.0,1
U0411,436,4.2,1
U0411,286,3.0,0
U0411,96,5.0,0
U0411,873,4.7,1
U0411,11,4.3,0
U0411,1,4.4,1
U0411,812,4.8,1
U0411,973,4.7,1
U0411,714,5.0,0
U0411,15,4.4,1
U0411,228,2.8,0
U0411,950,3.9,0
U0411,794,5.0,1
U0412,168,4.3,1
U0412,806,4.8,1
U0412,333,5.0,0
U0412,694,3.9,0
U0412,688,3.4,0
U0412,970,4.8,0
U0412,467,3.9,0
U0412,725,5.0,0
U0412,49,4.0,1
U0412,460,3.0,0
U0412,187,4.4,1
U0412,825,5.0,1
U0412,824,4.5,1
U0412,238,4.9,1
U0413,581,3.6,0
U0413,905,5.0,1
U0413,276,5.0,1
U0413,268,2.6,0
U0413,430,5.0,1
U0413,345,4.4,1
U0413,719,5.0,1
U0413,627,5.0,0
U0413,740,4.2,1
U0413,801,3.9,0
U0413,900,3.2,0
U0413,420,4.9,1
U0413,961,4.6,1
U0413,207,5.0,1
U0413,697,3.6,0
U0413,521,4.3,1
U0413,798,4.2,1
U0413,466,5.0,1
U0414,307,5.0,1
U0414,569,5.0,1
U0414,915,3.8,0
U0414,274,5.0,0
U0414,449,4.1,1
U0414,638,4.9,1
U0414,826,3.6,0
U0415,92,4.0,0
U0415,200,4.5,1
U0415,335,4.6,1
U0415,524,3.6,0
U0415,282,5.0,1
U0416,347,4.1,1
U0416,669,4.4,1
U0416,691,4.0,1
U0416,943,5.0,1
U0416,451,4.4,1
U0416,621,5.0,1
U0416,535,4.4,1
U0416,152,4.9,0
U0416,458,5.0,1
U0416,540,5.0,1
U0416,928,4.7,1
U0416,364,4.9,1
U0416,957,3.9,0
U0416,538,5.0,0
U0416,244,5.0,0
U0416,192,5.0,0
U0417,704,5.0,0
U0417,464,5.0,1
U0417,308,5.0,1
U0417,596,4.6,1
U0417,807,4.9,1
U0417,53,4.5,1
U0418,946,3.8,0
U0418,768,4.6,1
U0418,225,4.4,1
U0418,301,3.5,0
U0418,99,4.6,1
U0418,633,4.4,1
U0418,181,3.8,0
U0418,258,4.6,0
U0418,869,4.6,0
U0418,325,5.0,1
U0418,561,4.3,1
U0418,396,4.2,1
U0418,75,4.2,1
U0418,361,4.6,1
U0418,406,4.6,1
U0418,876,5.0,0
U0418,322,5.0,1
U0418,377,3.7,0
U0419,184,4.0,1
U0419,803,5.0,1
U0419,315,5.0,0
U0419,433,3.2,0
U0419,754,4.4,1
U0419,611,4.5,1
U0419,296,3.2,0
U0419,375,4.1,1
U0419,294,5.0,0
U0419,581,4.0,1
U0419,321,4.0,0
U0419,708,2.5,0
U0419,567,4.4,1
U0419,140,4.2,1
U0419,298,4.6,1
U0419,213,4.3,1
U0419,378,5.0,1
U0420,555,5.0,1
U0420,329,4.2,1
U0420,708,4.3,0
U0420,667,4.7,1
U0420,605,3.8,0
U0420,604,4.5,1
U0420,666,4.2,1
U0420,373,4.3,1
U0420,850,5.0,1
U0420,156,4.6,1
U0420,863,4.6,1
U0420,331,3.5,0
U0420,121,5.0,1
U0420,587,3.8,0
U0420,364,3.8,0
U0420,797,3.4,0
U0421,307,2.8,0
U0421,504,4.7,0
U0421,499,3.7,0
U0421,600,3.9,0
U0421,187,4.5,1
U0421,644,4.9,1
U0421,454,2.7,0
U0421,609,4.8,1
U0421,241,3.5,0
U0421,433,3.0,0
U0421,211,4.0,1
U0421,857,4.3,1
U0422,448,4.2,1
U0422,320,4.2,1
U0422,78,4.0,1
U0422,453,4.5,1
U0422,804,4.4,1
U0422,17,3.3,0
U0422,574,4.2,1
U0422,863,4.4,1
U0422,219,3.1,0
U0422,184,5.0,1
U0422,757,4.1,0
U0423,620,4.8,1
U0423,703,5.0,1
U0423,77,5.0,1
U0423,697,4.3,1
U0423,122,4.8,1
U0423,310,2.6,0
U0423,915,3.6,0
U0423,469,4.6,1
U0423,940,4.2,1
U0423,78,4.7,1
U0424,545,5.0,1
U0424,268,4.5,1
U0424,160,4.6,1
U0424,444,4.7,1
U0424,209,5.0,1
U0424,876,4.7,1
U0424,292,4.0,1
U0424,584,5.0,1
U0424,252,5.0,1
U0424,247,2.7,0
U0425,124,4.6,1
U0425,102,4.4,0
U0425,568,5.0,1
U0425,235,3.7,0
U0425,160,4.7,0
U0425,576,5.0,1
U0425,741,3.4,0
U0426,160,4.2,1
U0426,780,4.3,1
U0426,171,4.6,1
U0426,78,5.0,1
U0426,818,4.4,1
U0426,952,4.4,1
U0426,87,4.1,1
U0426,795,4.7,1
U0426,840,5.0,1
U0426,116,4.4,1
U0426,273,3.6,0
U0426,716,3.9,0
U0426,789,5.0,0
U0427,910,3.8,0
U0427,397,3.1,0
U0427,274,5.0,1
U0427,325,4.5,1
U0427,336,3.0,0
U0427,192,4.5,1
U0427,903,4.9,1
U0427,168,3.5,0
U0427,860,4.2,0
U0427,392,4.9,1
U0427,259,5.0,1
U0427,488,5.0,1
U0427,651,3.6,0
U0427,875,4.5,1
U0427,634,4.8,1
U0427,468,4.2,1
U0427,32,5.0,1
U0427,891,5.0,1
U0427,879,3.4,0
U0427,365,5.0,1
U0428,47,5.0,1
U0428,942,3.7,0
U0428,123,5.0,1
U0428,43,5.0,1
U0428,301,3.9,0
U0428,572,5.0,1
U0428,925,4.1,1
U0428,681,4.9,1
U0428,270,4.7,1
U0428,915,5.0,0
U0428,35,3.5,0
U0428,954,5.0,1
U0428,57,4.4,1
U0428,734,4.4,1
U0428,44,5.0,1
U0428,908,4.0,1
U0428,106,3.3,0
U0428,49,3.7,0
U0428,868,3.6,0
U0428,93,3.6,0
U0429,971,5.0,0
U0429,345,4.7,1
U0429,745,4.3,1
U0429,134,4.5,0
U0429,452,4.5,1
U0429,186,5.0,1
U0429,193,4.2,1
U0429,101,4.8,1
U0429,430,4.6,1
U0429,76,5.0,1
U0429,890,5.0,1
U0429,446,5.0,1
U0430,853,5.0,1
U0430,822,4.4,0
U0430,169,4.9,1
U0430,880,5.0,1
U0430,426,4.3,1
U0430,705,5.0,1
U0430,794,3.6,0
U0430,488,5.0,0
U0430,385,4.6,0
U0430,891,4.8,0
U0430,223,4.9,1
U0430,248,4.5,1
U0430,349,5.0,1
U0431,689,5.0,1
U0431,681,3.7,0
U0431,180,4.0,1
U0431,581,4.3,1
U0431,839,4.5,1
U0432,10,5.0,1
U0432,750,4.2,1
U0432,628,2.9,0
U0432,282,4.0,1
U0432,478,3.5,0
U0432,40,4.5,1
U0432,186,4.4,1
U0432,410,5.0,1
U0432,813,4.0,1
U0432,464,5.0,0
U0432,569,5.0,1
U0432,851,4.3,1
U0433,445,5.0,1
U0433,503,5.0,1
U0433,507,4.6,1
U0433,928,4.8,1
U0433,632,4.7,1
U0433,266,3.8,0
U0433,519,3.5,0
U0433,613,4.4,0
U0433,625,4.4,1
U0433,573,3.8,0
U0433,171,4.9,1
U0433,34,4.1,1
U0433,326,5.0,0
U0433,417,5.0,0
U0434,679,4.7,1
U0434,357,5.0,1
U0434,843,2.1,0
U0434,29,4.3,1
U0434,428,4.3,1
U0434,498,4.8,1
U0434,590,4.8,1
U0434,269,5.0,1
U0434,417,5.0,1
U0434,472,3.7,0
U0434,669,3.8,0
U0434,753,4.5,0
U0434,718,4.5,1
U0434,332,4.8,0
U0434,975,3.3,0
U0434,828,4.6,1
U0435,37,4.8,1
U0435,536,5.0,1
U0435,448,5.0,1
U0435,244,3.9,0
U0435,626,4.4,1
U0435,164,4.7,1
U0435,284,4.8,1
U0435,766,4.0,0
U0435,458,5.0,1
U0435,970,3.9,0
U0436,200,4.5,1
U0436,811,4.5,0
U0436,170,5.0,0
U0436,843,4.7,1
U0436,750,3.9,0
U0436,554,4.3,1
U0436,625,5.0,0
U0436,101,4.8,1
U0436,39,4.5,1
U0436,322,5.0,1
U0436,800,4.5,1
U0436,453,5.0,1
U0436,218,4.7,1
U0436,814,4.4,1
U0437,853,4.8,1
U0437,757,4.8,1
U0437,689,4.0,1
U0437,140,5.0,1
U0437,646,4.7,1
U0437,751,4.3,0
U0437,566,4.3,0
U0437,874,4.2,0
U0437,277,4.9,0
U0437,243,3.0,0
U0437,852,4.3,1
U0437,614,5.0,1
U0437,1,3.5,0
U0437,350,3.7,0
U0437,842,3.9,0
U0437,27,5.0,1
U0437,3,4.8,1
U0437,281,4.3,1
U0438,478,3.9,0
U0438,600,4.9,1
U0438,857,3.8,0
U0438,721,5.0,1
U0438,446,4.2,0
U0438,960,3.5,0
U0438,440,5.0,0
U0438,108,4.4,1
U0438,968,4.2,1
U0438,22,4.4,1
U0438,533,5.0,1
U0439,250,3.5,0
U0439,363,4.6,1
U0439,292,5.0,1
U0439,246,3.9,0
U0439,47,3.3,0
U0439,815,3.7,0
U0439,62,4.9,1
U0439,865,4.9,1
U0439,121,4.7,1
U0439,546,4.6,1
U0439,486,3.9,0
U0439,475,4.8,1
U0439,557,4.3,1
U0439,276,4.9,1
U0439,647,4.3,0
U0440,764,4.4,1
U0440,527,2.7,0
U0440,194,5.0,1
U0440,417,4.1,1
U0440,662,4.2,1
U0440,808,5.0,1
U0440,932,4.4,1
U0441,214,5.0,1
U0441,174,4.9,1
U0441,926,5.0,1
U0441,183,4.7,1
U0441,777,4.5,1
U0441,339,3.8,0
U0441,958,5.0,1
U0441,338,5.0,1
U0441,323,4.7,1
U0441,608,4.0,1
U0441,934,3.2,0
U0441,950,4.8,1
U0441,677,4.8,1
U0441,725,3.5,0
U0442,263,3.8,0
U0442,647,4.9,0
U0442,141,4.2,1
U0442,656,4.9,1
U0442,34,5.0,1
U0442,583,5.0,1
U0443,713,3.5,0
U0443,82,4.5,1
U0443,448,3.8,0
U0443,666,5.0,1
U0443,267,4.4,1
U0443,75,4.4,1
U0443,935,4.2,1
U0443,894,4.6,1
U0444,658,4.6,1
U0444,400,4.5,1
U0444,23,4.1,1
U0444,334,3.9,0
U0444,787,5.0,1
U0444,777,4.5,1
U0444,479,4.0,1
U0444,457,4.5,0
U0444,563,5.0,1
U0444,212,4.7,1
U0444,510,5.0,1
U0445,736,4.2,1
U0445,716,4.9,1
U0445,62,5.0,0
U0445,385,4.2,1
U0445,83,3.4,0
U0445,348,4.2,1
U0445,553,4.2,1
U0445,856,4.5,1
U0445,272,4.9,1
U0445,606,3.2,0
U0446,219,4.2,1
U0446,9,3.7,0
U0446,955,5.0,1
U0446,809,4.7,1
U0446,382,5.0,1
U0446,923,4.7,1
U0446,660,4.6,1
U0446,733,3.7,0
U0447,552,4.1,1
U0447,689,5.0,1
U0447,47,4.2,0
U0447,81,4.2,0
U0447,60,5.0,1
U0447,412,5.0,1
U0447,42,3.9,0
U0447,728,4.9,0
U0447,214,4.2,1
U0447,916,5.0,1
U0447,476,4.4,1
U0448,567,4.2,1
U0448,771,4.1,1
U0448,403,5.0,1
U0448,578,4.7,1
U0448,56,5.0,1
U0448,963,5.0,1
U0448,781,4.1,1
U0448,849,4.2,1
U0448,678,4.2,1
U0448,178,5.0,1
U0448,32,5.0,1
U0448,846,4.1,1
U0448,385,3.0,0
U0448,253,5.0,1
U0448,548,4.1,1
U0448,410,3.3,0
U0448,635,3.9,0
U0448,473,3.9,0
U0448,681,3.7,0
U0448,834,4.8,1
U0449,968,4.7,1
U0449,880,3.8,0
U0449,458,5.0,0
U0449,451,4.2,1
U0449,598,3.6,0
U0449,99,2.6,0
U0449,576,2.9,0
U0449,429,3.9,0
U0449,613,3.7,0
U0449,534,5.0,1
U0449,282,3.6,0
U0449,337,4.3,1
U0449,175,3.7,0
U0449,645,5.0,1
U0449,276,4.3,1
U0450,618,3.5,0
U0450,215,4.6,1
U0450,596,5.0,1
U0450,381,3.3,0
U0450,103,4.7,1
U0450,575,3.5,0
U0450,672,4.2,1
U0450,669,4.6,1
U0450,626,4.8,1
U0450,497,3.6,0
U0450,516,5.0,1
U0450,624,4.3,1
U0450,679,3.3,0
U0450,644,3.6,0
U0450,579,4.2,1
U0451,886,3.0,0
U0451,85,4.1,1
U0451,295,5.0,1
U0451,924,4.5,0
U0451,95,4.9,1
U0451,92,4.5,0
U0451,84,4.5,1
U0451,951,3.6,0
U0451,724,4.7,1
U0451,209,5.0,0
U0451,45,5.0,1
U0451,941,4.2,0
U0451,415,3.4,0
U0451,582,4.0,1
U0451,273,4.8,1
U0451,738,3.9,0
U0451,191,4.4,1
U0452,955,5.0,0
U0452,445,4.4,1
U0452,260,4.8,1
U0452,158,5.0,1
U0452,287,5.0,1
U0452,326,4.7,0
U0452,422,4.8,0
U0452,644,4.5,1
U0452,274,4.6,1
U0452,51,4.0,1
U0452,371,5.0,0
U0452,840,3.5,0
U0452,495,4.3,1
U0452,942,3.7,0
U0452,501,4.9,1
U0453,802,4.6,1
U0453,46,5.0,1
U0453,697,3.4,0
U0453,708,4.8,0
U0453,215,4.6,1
U0453,114,5.0,1
U0453,736,5.0,0
U0453,250,4.7,1
U0453,1,4.4,1
U0453,225,4.8,1
U0453,31,4.9,0
U0453,333,4.5,1
U0453,272,5.0,1
U0453,899,4.3,1
U0453,234,5.0,1
U0453,464,4.6,1
U0453,936,5.0,1
U0454,265,4.9,1
U0454,831,4.9,1
U0454,383,4.8,0
U0454,691,3.6,0
U0454,144,3.7,0
U0454,735,4.4,1
U0455,512,3.9,0
U0455,751,4.9,1
U0455,591,5.0,0
U0455,23,4.0,1
U0455,950,4.6,1
U0455,297,3.8,0
U0455,250,5.0,1
U0455,483,4.3,1
U0455,537,4.1,1
U0455,392,3.9,0
U0455,438,5.0,1
U0455,531,4.2,1
U0455,393,2.9,0
U0455,894,4.1,0
U0455,835,3.9,0
U0455,452,4.7,1
U0455,0,4.7,1
U0455,881,4.6,1
U0455,125,4.8,1
U0456,346,4.5,1
U0456,118,4.0,1
U0456,576,5.0,1
U0456,698,4.2,1
U0456,447,4.1,1
U0456,221,5.0,1
U0456,591,2.9,0
U0456,508,5.0,1
U0457,379,2.5,0
U0457,889,5.0,1
U0457,10,3.7,0
U0457,533,4.5,1
U0457,895,4.9,0
U0457,885,5.0,1
U0458,344,4.9,1
U0458,928,3.9,0
U0458,680,3.3,0
U0458,735,4.7,1
U0458,737,3.5,0
U0458,59,3.1,0
U0458,198,4.4,1
U0458,478,4.6,1
U0458,358,3.9,0
U0458,400,4.7,1
U0458,761,5.0,0
U0458,14,3.3,0
U0458,643,2.5,0
U0458,0,5.0,1
U0458,62,3.9,0
U0458,398,4.4,1
U0458,820,3.3,0
U0458,141,5.0,1
U0458,539,4.2,1
U0458,661,5.0,1
U0459,119,4.4,1
U0459,403,4.7,1
U0459,568,4.0,1
U0459,114,4.7,1
U0459,598,5.0,1
U0459,387,4.5,0
U0459,661,3.5,0
U0459,306,4.9,1
U0459,552,4.6,1
U0459,596,4.8,1
U0459,673,3.6,0
U0459,736,4.2,1
U0459,133,4.8,1
U0459,941,4.9,1
U0459,823,5.0,1
U0459,546,4.6,0
U0459,869,3.5,0
U0460,264,4.4,1
U0460,403,4.7,1
U0460,322,4.4,1
U0460,75,4.8,1
U0460,166,4.8,1
U0460,170,3.7,0
U0460,663,3.8,0
U0460,375,4.6,1
U0460,750,3.5,0
U0461,108,5.0,1
U0461,912,4.5,0
U0461,691,5.0,1
U0461,275,5.0,1
U0461,325,4.3,1
U0461,382,3.7,0
U0461,76,4.3,1
U0461,726,5.0,1
U0462,4,4.0,1
U0462,371,4.6,1
U0462,36,3.2,0
U0462,643,3.4,0
U0462,942,4.4,1
U0462,625,3.5,0
U0462,202,5.0,1
U0462,326,3.3,0
U0462,950,5.0,0
U0462,531,5.0,0
U0462,369,4.6,1
U0462,737,4.8,1
U0462,838,4.3,1
U0462,312,4.9,1
U0462,630,5.0,0
U0462,518,4.0,1
U0462,253,5.0,1
U0462,246,4.6,1
U0462,505,4.4,1
U0463,508,4.2,1
U0463,798,4.0,1
U0463,832,4.0,1
U0463,226,4.8,1
U0463,586,3.2,0
U0463,837,4.4,1
U0463,397,4.7,1
U0463,909,4.6,1
U0463,881,3.9,0
U0463,199,5.0,1
U0463,248,4.3,1
U0463,173,3.9,0
U0463,187,4.6,1
U0463,885,4.9,0
U0463,908,5.0,0
U0463,52,5.0,0
U0464,142,5.0,0
U0464,102,5.0,1
U0464,323,5.0,1
U0464,592,4.8,1
U0464,44,4.0,0
U0464,709,4.6,1
U0464,384,5.0,1
U0464,939,5.0,1
U0464,551,5.0,1
U0464,751,4.3,1
U0464,840,5.0,1
U0464,866,5.0,0
U0464,502,4.0,1
U0464,383,5.0,1
U0464,543,4.1,1
U0464,388,4.2,1
U0464,233,5.0,1
U0464,312,4.9,1
U0465,484,5.0,1
U0465,716,5.0,0
U0465,947,4.7,1
U0465,674,5.0,1
U0465,101,4.3,1
U0465,235,3.7,0
U0465,582,4.7,1
U0465,264,4.3,1
U0465,935,3.9,0
U0465,394,4.9,0
U0465,447,3.7,0
U0465,685,3.5,0
U0466,489,4.1,1
U0466,901,4.4,1
U0466,282,4.8,0
U0466,323,5.0,0
U0466,639,4.7,1
U0466,764,4.5,1
U0466,681,4.6,1
U0466,768,4.2,1
U0466,559,4.1,1
U0466,842,5.0,1
U0466,535,4.2,1
U0467,550,5.0,0
U0467,611,2.9,0
U0467,633,5.0,0
U0467,588,5.0,1
U0467,635,5.0,1
U0467,282,4.9,0
U0467,412,4.7,1
U0467,638,2.4,0
U0467,724,4.2,1
U0467,401,4.4,1
U0467,336,4.2,1
U0467,686,5.0,1
U0467,200,4.4,1
U0467,7,5.0,1
U0467,436,4.7,1
U0467,156,4.6,1
U0467,348,4.9,1
U0467,265,5.0,1
U0467,746,4.2,1
U0468,417,3.6,0
U0468,642,4.2,1
U0468,376,2.4,0
U0468,975,4.9,0
U0468,190,3.4,0
U0468,7,4.6,1
U0468,185,4.6,1
U0468,866,3.7,0
U0468,141,4.4,1
U0468,466,5.0,1
U0468,408,4.6,1
U0468,648,3.6,0
U0468,53,4.0,0
U0468,641,3.9,0
U0468,345,5.0,1
U0468,903,5.0,1
U0469,946,3.3,0
U0469,171,4.9,1
U0469,431,3.7,0
U0469,683,4.5,1
U0469,616,5.0,1
U0469,550,4.9,1
U0469,318,4.1,1
U0469,710,5.0,0
U0469,636,4.4,1
U0469,159,4.5,1
U0469,940,4.9,0
U0469,540,5.0,1
U0469,512,5.0,1
U0469,828,4.7,1
U0469,623,3.7,0
U0470,953,4.6,1
U0470,311,2.6,0
U0470,586,4.7,1
U0470,747,4.1,1
U0470,599,5.0,1
U0470,417,4.7,0
U0470,153,5.0,1
U0470,461,5.0,1
U0470,294,5.0,1
U0470,684,4.2,1
U0470,440,4.1,1
U0470,834,5.0,1
U0470,194,4.1,1
U0471,179,4.9,1
U0471,556,3.7,0
U0471,795,5.0,1
U0471,42,4.6,1
U0471,565,5.0,1
U0471,613,4.0,1
U0471,570,4.3,1
U0471,620,3.7,0
U0471,602,4.3,1
U0471,117,5.0,1
U0471,212,5.0,1
U0472,370,4.8,1
U0472,529,4.8,1
U0472,158,4.4,1
U0472,892,5.0,1
U0472,671,4.0,1
U0472,830,5.0,1
U0472,188,5.0,1
U0472,58,3.4,0
U0472,307,4.6,1
U0472,484,4.9,1
U0472,771,5.0,1
U0472,367,5.0,1
U0472,244,4.5,1
U0472,343,4.7,1
U0472,673,4.3,0
U0472,306,5.0,1
U0472,953,4.2,1
U0472,157,4.1,1
U0473,886,4.3,1
U0473,294,3.5,0
U0473,492,5.0,1
U0473,127,4.5,1
U0473,879,4.3,1
U0473,730,3.9,0
U0473,899,3.3,0
U0473,665,4.1,1
U0473,178,4.3,1
U0474,352,4.0,1
U0474,37,4.3,1
U0474,864,4.0,1
U0474,832,4.1,1
U0474,252,3.1,0
U0474,788,5.0,1
U0474,782,3.9,0
U0474,333,4.4,1
U0474,686,5.0,1
U0474,289,4.5,1
U0475,813,4.1,0
U0475,452,5.0,1
U0475,59,5.0,1
U0475,268,4.6,1
U0475,223,3.9,0
U0475,867,4.8,1
U0475,630,4.7,1
U0475,544,4.2,0
U0475,494,4.4,1
U0475,633,4.6,1
U0475,734,5.0,1
U0475,538,3.5,0
U0475,915,3.1,0
U0475,952,3.6,0
U0475,971,5.0,1
U0475,652,5.0,0
U0476,955,4.2,1
U0476,753,4.7,1
U0476,511,4.5,1
U0476,431,4.9,1
U0476,524,4.9,1
U0476,451,4.4,0
U0476,490,4.7,1
U0476,198,3.6,0
U0476,882,5.0,1
U0476,734,4.7,0
U0476,663,5.0,1
U0476,926,4.3,1
U0476,278,5.0,1
U0476,80,5.0,1
U0476,805,4.5,0
U0476,974,5.0,1
U0477,570,4.7,1
U0477,72,5.0,1
U0477,902,5.0,0
U0477,412,3.7,0
U0477,644,5.0,1
U0477,852,5.0,1
U0477,116,4.9,1
U0477,827,4.6,1
U0477,695,4.3,1
U0477,809,5.0,1
U0477,461,3.6,0
U0477,28,3.4,0
U0477,640,3.7,0
U0477,345,5.0,1
U0477,371,4.9,1
U0477,408,3.9,0
U0478,114,5.0,1
U0478,897,4.4,1
U0478,646,4.3,1
U0478,300,4.7,1
U0478,775,5.0,1
U0479,353,5.0,1
U0479,298,2.5,0
U0479,294,5.0,1
U0479,588,5.0,1
U0479,786,4.7,1
U0479,912,5.0,0
U0479,65,3.5,0
U0479,267,4.1,0
U0479,247,5.0,1
U0479,344,4.7,1
U0479,410,4.8,1
U0479,376,3.6,0
U0479,927,4.5,1
U0480,321,4.7,1
U0480,394,5.0,1
U0480,886,4.7,1
U0480,513,5.0,1
U0480,550,4.0,1
U0480,171,5.0,1
U0480,485,4.3,0
U0480,896,3.5,0
U0480,543,5.0,1
U0480,249,4.7,1
U0480,31,4.7,0
U0480,327,5.0,1
U0480,557,4.0,1
U0480,42,5.0,1
U0480,593,4.6,1
U0481,799,3.7,0
U0481,170,4.3,0
U0481,634,5.0,0
U0481,589,5.0,1
U0481,149,5.0,0
U0481,404,5.0,1
U0481,832,4.4,1
U0481,947,4.4,1
U0481,648,4.1,1
U0481,900,5.0,1
U0481,128,3.6,0
U0481,950,4.7,1
U0481,33,4.6,1
U0481,514,4.9,1
U0481,283,2.6,0
U0481,793,5.0,1
U0481,212,3.4,0
U0482,451,4.7,1
U0482,700,4.7,1
U0482,701,4.3,0
U0482,467,3.6,0
U0482,511,5.0,1
U0482,29,4.0,1
U0482,296,5.0,1
U0482,336,5.0,1
U0482,543,4.4,1
U0482,542,4.7,1
U0482,691,3.3,0
U0482,699,5.0,0
U0482,230,5.0,1
U0482,750,4.2,1
U0483,684,5.0,1
U0483,889,5.0,1
U0483,92,4.6,0
U0483,540,5.0,1
U0483,679,4.2,0
U0483,265,5.0,1
U0483,556,3.4,0
U0484,90,3.8,0
U0484,570,4.4,1
U0484,890,4.6,1
U0484,151,4.0,1
U0484,309,4.8,1
U0485,801,4.4,1
U0485,300,4.2,1
U0485,278,4.8,1
U0485,961,3.9,0
U0485,651,4.2,1
U0485,277,4.0,1
U0485,401,4.2,1
U0485,592,4.2,1
U0485,868,4.4,1
U0485,179,3.9,0
U0485,73,5.0,1
U0485,374,4.8,1
U0485,221,4.7,1
U0485,546,4.7,1
U0486,789,3.3,0
U0486,65,5.0,1
U0486,269,4.3,1
U0486,37,5.0,1
U0486,13,4.7,1
U0486,341,3.7,0
U0487,191,5.0,1
U0487,11,4.6,1
U0487,320,3.3,0
U0487,31,5.0,1
U0487,809,5.0,1
U0487,480,4.6,1
U0487,627,5.0,1
U0487,400,4.2,1
U0487,335,4.9,1
U0487,213,5.0,1
U0487,752,4.2,1
U0487,679,4.3,1
U0487,348,3.8,0
U0488,846,5.0,1
U0488,805,4.8,1
U0488,415,4.5,1
U0488,718,2.7,0
U0488,287,4.3,1
U0488,56,4.1,1
U0488,665,3.3,0
U0488,638,4.2,1
U0488,787,4.1,1
U0488,605,5.0,1
U0488,158,5.0,1
U0488,837,4.6,1
U0489,437,4.1,1
U0489,26,4.6,1
U0489,325,2.8,0
U0489,419,4.2,1
U0489,483,4.8,1
U0489,907,4.6,1
U0489,110,4.7,1
U0489,515,4.7,1
U0489,366,5.0,1
U0489,967,4.9,0
U0489,846,3.6,0
U0489,975,4.8,1
U0489,512,3.5,0
U0489,168,3.8,0
U0489,551,4.4,1
U0489,228,4.1,1
U0489,625,5.0,1
U0489,915,3.8,0
U0489,771,4.1,1
U0489,272,4.2,0
U0490,702,5.0,1
U0490,881,4.1,1
U0490,605,3.7,0
U0490,204,4.0,1
U0490,908,3.9,0
U0490,515,5.0,1
U0490,703,5.0,1
U0490,869,5.0,1
U0490,966,4.6,1
U0490,494,5.0,1
U0490,789,3.3,0
U0490,554,4.3,1
U0491,353,5.0,1
U0491,652,4.5,1
U0491,681,3.7,0
U0491,901,3.8,0
U0491,861,3.8,0
U0491,277,4.1,1
U0491,444,4.1,1
U0491,729,5.0,0
U0491,894,5.0,1
U0491,326,4.5,1
U0492,319,4.0,1
U0492,586,4.7,1
U0492,805,4.5,1
U0492,90,4.2,1
U0492,692,4.6,1
U0493,317,4.0,1
U0493,86,4.6,1
U0493,965,5.0,1
U0493,223,4.5,1
U0493,619,4.8,1
U0493,278,4.7,1
U0493,636,4.6,1
U0493,205,4.4,1
U0493,764,4.2,0
U0493,108,4.9,1
U0493,874,4.0,0
U0493,820,4.8,1
U0493,662,3.6,0
U0494,711,4.0,1
U0494,861,3.6,0
U0494,75,4.1,1
U0494,764,3.2,0
U0494,873,4.4,1
U0494,950,4.7,1
U0494,562,2.8,0
U0495,312,4.2,1
U0495,242,4.8,1
U0495,869,4.1,1
U0495,837,5.0,1
U0495,326,3.6,0
U0495,69,5.0,1
U0495,968,3.9,0
U0495,670,3.2,0
U0495,905,4.3,1
U0496,416,5.0,1
U0496,581,5.0,0
U0496,60,3.6,0
U0496,385,4.5,1
U0496,291,4.6,1
U0496,233,4.4,1
U0496,587,4.6,1
U0497,575,4.6,1
U0497,972,4.4,1
U0497,876,3.5,0
U0497,268,4.1,1
U0497,560,3.1,0
U0497,111,4.2,1
U0497,446,3.0,0
U0497,507,4.3,1
U0497,303,5.0,1
U0497,468,5.0,1
U0498,810,5.0,1
U0498,323,5.0,1
U0498,228,5.0,1
U0498,811,4.2,1
U0498,869,4.5,1
U0498,400,5.0,1
U0498,26,3.2,0
U0498,677,5.0,1
U0498,763,4.8,1
U0498,17,3.4,0
U0498,579,5.0,1
U0498,572,5.0,1
U0499,395,3.7,0
U0499,752,4.5,1
U0499,233,4.7,0
U0499,944,4.3,0
U0499,494,4.1,1
U0499,271,4.0,0
U0499,273,4.9,1
U0499,17,3.6,0
U0499,674,4.4,1
U0499,755,3.5,0
U0499,31,4.6,1
